"","Country","Happiness.Rank","Happiness.Score","Whisker.high","Whisker.low","Economy..GDP.per.Capita.","Family","Health..Life.Expectancy.","Freedom","Generosity","Trust..Government.Corruption.","Dystopia.Residual","Region","Surface.area..km2.","Population.in.thousands..2017.","Population.density..per.km2..2017.","Sex.ratio..m.per.100.f..2017.","GDP..Gross.domestic.product..million.current.US..","GDP.growth.rate..annual....const..2005.prices.","GDP.per.capita..current.US..","Economy..Agriculture....of.GVA.","Economy..Industry....of.GVA.","Economy..Services.and.other.activity....of.GVA.","Employment..Agriculture....of.employed.","Employment..Industry....of.employed.","Employment..Services....of.employed.","Unemployment....of.labour.force.","Labour.force.participation..female.male.pop....","Agricultural.production.index..2004.2006.100.","Food.production.index..2004.2006.100.","International.trade..Exports..million.US..","International.trade..Imports..million.US..","International.trade..Balance..million.US..","Balance.of.payments..current.account..million.US..","Population.growth.rate..average.annual...","Urban.population....of.total.population.","Urban.population.growth.rate..average.annual...","Fertility.rate..total..live.births.per.woman.","Life.expectancy.at.birth..females.males..years.","Population.age.distribution..0.14...60..years....","International.migrant.stock..000...of.total.pop..","Refugees.and.others.of.concern.to.UNHCR..in.thousands.","Infant.mortality.rate..per.1000.live.births","Health..Total.expenditure....of.GDP.","Health..Physicians..per.1000.pop..","Education..Government.expenditure....of.GDP.","Education..Primary.gross.enrol..ratio..f.m.per.100.pop..","Education..Secondary.gross.enrol..ratio..f.m.per.100.pop..","Education..Tertiary.gross.enrol..ratio..f.m.per.100.pop..","Seats.held.by.women.in.national.parliaments..","Mobile.cellular.subscriptions..per.100.inhabitants.","Mobile.cellular.subscriptions..per.100.inhabitants..1","Individuals.using.the.Internet..per.100.inhabitants.","Threatened.species..number.","Forested.area....of.land.area.","CO2.emission.estimates..million.tons.tons.per.capita.","Energy.production..primary..Petajoules.","Energy.supply.per.capita..Gigajoules.","Pop..using.improved.drinking.water..urban.rural....","Pop..using.improved.sanitation.facilities..urban.rural....","Net.Official.Development.Assist..received....of.GNI."
"1","Norway",1,7.53700017929077,7.59444482058287,7.47955553799868,1.61646318435669,1.53352355957031,0.796666502952576,0.635422587394714,0.36201223731041,0.315963834524155,2.27702665328979,"NorthernEurope","386194",5305,14.5,101.8,386578,"1.6",74185.5,"1.8",34.6,63.5,"2.2","20.2","77.6","5.1","61.1/68.3",103,104,"89120","72473","16647","33746","1.2",80.5,"1.3","1.8","83.6/79.5","17.8/22.3","741.8/14.2","73.2","2.4",9.7,"4.4","7.4","100.3/100.5","111.1/114.7","91.5/62.8",39.6,"113.6","96.8",64,"33.2","47.6/9.2",8204,233,"100.0/100.0","98.0/98.3","-99",-99
"2","Denmark",2,7.52199983596802,7.58172806486487,7.46227160707116,1.48238301277161,1.55112159252167,0.792565524578094,0.626006722450256,0.355280488729477,0.40077006816864,2.31370735168457,"NorthernEurope","42921",5734,135.1,99,301308,"1.6",53149.3,"1.2",22.9,75.8,"2.4","19.2","78.4","6.0","58.1/66.0",105,105,"94355","85133","9222","27582","0.5",87.7,"0.6","1.7","82.2/78.1","16.5/25.3","572.5/10.1","48.2","3.5",10.8,"3.6","8.6","100.7/102.3","133.4/128.3","96.3/69.7",37.4,"128.3","96.3",47,"14.4","33.5/5.9",666,119,"100.0/100.0","99.6/99.6","-99",-99
"3","Iceland",3,7.50400018692017,7.62203047305346,7.38596990078688,1.480633020401,1.6105740070343,0.833552122116089,0.627162635326385,0.475540220737457,0.153526559472084,2.32271528244019,"NorthernEurope","103000",335,3.3,100.7,16780,"4.2",50936,"6.4",24,69.7,"4.0","17.7","78.2","3.6","70.3/77.2",117,117,"4450","5703","-1254","854","0.6",94.1,"1.3","2.0","83.8/80.6","20.1/20.1","37.5/11.4","0.5","1.6",8.9,"3.8","7.8","98.6/99.7","121.0/116.3","103.1/60.2",47.6,"114.0","98.2",27,"0.5","2.0/6.1",284,952,"100.0/100.0","98.7/100.0","-99",-99
"4","Switzerland",4,7.49399995803833,7.56177242040634,7.42622749567032,1.56497955322266,1.51691174507141,0.858131289482117,0.620070576667786,0.290549278259277,0.367007285356522,2.2767162322998,"WesternEurope","41291",8476,214.5,98.2,670790,"0.8",80831.1,"0.7",25.5,73.8,"3.5","20.4","76.1","4.6","62.5/74.5",106,106,"304691","269157","35534","77378","1.2",73.9,"1.1","1.5","84.8/80.5","14.9/24.1","2438.7/29.4","110.1","3.9",11.7,"4.1","5.1","103.8/104.1","99.4/103.0","58.5/56.9",32.5,"142.0","88.0",74,"31.6","35.3/4.3",552,126,"100.0/100.0","99.9/99.8","-99",-99
"5","Finland",5,7.4689998626709,7.52754207581282,7.41045764952898,1.44357192516327,1.5402467250824,0.80915766954422,0.617950856685638,0.24548277258873,0.38261154294014,2.4301815032959,"NorthernEurope","338440",5523,18.2,97.2,231960,"0.2",42148.1,"2.5",26.8,70.6,"4.2","22.0","73.8","8.9","54.5/61.7",101,101,"57326","60502","-3176","-979","0.4",84.2,"0.5","1.8","83.7/77.7","16.4/27.8","315.9/5.7","32.6","2.3",9.7,"3.0","7.2","101.4/101.7","156.3/142.8","95.6/79.3",42,"135.5","92.7",36,"73.1","47.3/8.6",757,257,"100.0/100.0","99.4/88.0","-99",-99
"6","Netherlands",6,7.3769998550415,7.42742584124207,7.32657386884093,1.50394463539124,1.42893922328949,0.810696125030518,0.585384488105774,0.470489829778671,0.282661825418472,2.29480409622192,"WesternEurope","41542",17036,505.2,99,750318,"2.0",44332.1,"1.8",20,78.2,"2.2","15.9","81.9","5.6","57.3/69.7",115,115,"511714","420969","90745","65129","0.3",90.5,"1.0","1.7","83.1/79.4","16.4/25.0","1979.5/11.7","116.3","3.5",10.9,"3.4","5.5","104.4/105.0","136.3/134.7","82.5/74.7",38,"123.5","93.1",40,"11.1","167.3/9.9",2447,178,"100.0/100.0","97.5/99.9","-99",-99
"7","Canada",7,7.31599998474121,7.38440283536911,7.24759713411331,1.47920441627502,1.48134899139404,0.83455765247345,0.611100912094116,0.435539722442627,0.287371516227722,2.18726444244385,"NorthernAmerica","9984670",36624,4,98.5,1552808,"0.9",43205.6,"1.8",28.6,69.6,"2.1","19.5","78.4","7.1","60.7/69.9",109,109,"388911","402954","-14043","-53083","1.0",81.8,"1.2","1.6","83.8/79.7","16.0/23.5","7835.5/21.8","155.8","4.7",10.4,"2.5","5.3","101.1/100.1","110.0/109.8",".../...",26.3,"81.9","88.5",122,"38.2","537.2/15.1",19276,324,"100.0/99.0","100.0/99.0","-99",-99
"8","New Zealand",8,7.31400012969971,7.3795104418695,7.24848981752992,1.40570604801178,1.54819512367249,0.816759705543518,0.614062130451202,0.500005125999451,0.382816702127457,2.0464563369751,"Oceania","268107",4706,17.9,96.7,173417,"3.1",38294.3,"6.5",23,70.6,"5.9","21.4","72.6","5.5","62.1/72.8",116,118,"33833","36423","-2589","-5501","1.1",86.3,"1.0","2.0","83.1/79.5","19.8/20.8","1039.7/23.0","1.7","4.4",11,"2.9","6.4","99.1/99.6","119.9/113.4","96.7/71.6",34.2,"121.8","88.2",199,"38.6","34.7/7.7",783,207,"100.0/100.0","-99","-99",-99
"9","Sweden",9,7.28399991989136,7.34409487739205,7.22390496239066,1.49438726902008,1.47816216945648,0.830875158309937,0.612924098968506,0.385399252176285,0.384398728609085,2.09753799438477,"NorthernEurope","438574",9911,24.2,100.2,495694,"4.1",50687.5,"1.3",26.3,72.4,"1.8","18.2","79.9","7.3","60.7/68.0",100,100,"139574","140838","-1263","23250","0.8",85.8,"0.8","1.9","83.7/80.0","17.5/25.5","1639.8/16.8","348.5","2.4",11.9,"4.1","7.7","125.6/120.6","150.0/131.5","75.7/49.6",43.6,"130.4","90.6",54,"68.9","43.4/4.5",1428,206,"100.0/100.0","99.2/99.6","-99",-99
"10","Australia",10,7.28399991989136,7.35665122494102,7.2113486148417,1.484414935112,1.51004195213318,0.84388679265976,0.601607382297516,0.477699249982834,0.301183730363846,2.06521081924438,"Oceania","7692060",24451,3.2,99.3,1230859,"2.4",51352.2,"2.5",26.5,71.1,"2.7","21.2","76.1","5.5","58.4/70.7",111,111,"189630","189406","224","-57746","1.5",89.4,"1.5","1.9","84.4/80.2","19.0/21.0","6763.7/28.2","58.2","3.9",9.4,"3.4","5.2","102.1/102.3","133.6/141.3","106.3/75.4",28.7,"132.8","84.6",948,"16.2","361.3/15.3",15282,222,"100.0/100.0","100.0/100.0","-99",-99
"11","Israel",11,7.21299982070923,7.27985325649381,7.14614638492465,1.37538242340088,1.37628996372223,0.83840399980545,0.405988603830338,0.330082654953003,0.0852421000599861,2.80175733566284,"WesternAsia","22072",8322,384.5,98.7,299413,"2.5",37129.4,"1.3",21.2,77.5,"1.0","17.9","81.0","5.9","58.5/69.0",112,112,"60571","65803","-5232","13642","1.6",92.1,"1.4","3.0","83.7/80.0","27.9/16.1","2011.7/24.9","44.7","3.4",7.8,"3.6","5.8","105.1/104.4","103.0/102.0","75.5/54.6",27.5,"133.5","78.9",174,"7.5","64.6/8.1",313,119,"100.0/100.0","100.0/100.0","-99",-99
"12","Costa Rica",12,7.0789999961853,7.16811166629195,6.98988832607865,1.10970628261566,1.41640365123749,0.759509265422821,0.580131649971008,0.214613229036331,0.100106589496136,2.89863920211792,"CentralAmerica","51100",4906,96.1,100.1,52958,"3.7",11015,"5.1",21.5,73.4,"11.6","19.1","69.3","8.6","46.9/76.5",127,129,"9908","15322","-5414","-2493","1.1",76.8,"2.7","1.9","81.7/76.7","21.6/13.6","421.7/8.8","10.1","9.3",9.3,"1.2","7.2","109.5/110.1","125.6/120.7","60.9/46.6",35.1,"150.7","59.8",340,"53.4","7.8/1.6",110,44,"99.6/91.9","95.2/92.3","0.22",-99
"13","Austria",13,7.00600004196167,7.07066981211305,6.94133027181029,1.48709726333618,1.4599449634552,0.815328419208527,0.567766189575195,0.316472321748734,0.221060365438461,2.1385064125061,"WesternEurope","83871",8736,106,96.2,376967,"1.0",44117.7,"1.3",28.3,70.4,"4.7","25.6","69.7","6.2","54.6/65.8",108,108,"145503","149299","-3795","7020","0.6",66,"0.4","1.4","83.5/78.4","14.1/25.1","1492.4/17.5","166.4","3.3",11.2,"5.2","5.5","102.2/103.7","97.6/102.4","89.2/74.3",30.6,"157.4","83.9",118,"46.9","58.7/6.9",505,158,"100.0/100.0","100.0/100.0","-99",-99
"14","United States",14,6.99300003051758,7.07465674757957,6.91134331345558,1.54625928401947,1.41992056369781,0.77428662776947,0.505740523338318,0.392578780651093,0.135638788342476,2.2181134223938,NA,NA,NA,NA,NA,NA,NA,NA,NA,NA,NA,NA,NA,NA,NA,NA,NA,NA,NA,NA,NA,NA,NA,NA,NA,NA,NA,NA,NA,NA,NA,NA,NA,NA,NA,NA,NA,NA,NA,NA,NA,NA,NA,NA,NA,NA,NA,NA,NA
"15","Ireland",15,6.97700023651123,7.04335166752338,6.91064880549908,1.53570663928986,1.55823111534119,0.80978262424469,0.573110342025757,0.42785832285881,0.29838815331459,1.77386903762817,"NorthernEurope","69797",4762,69.1,98.4,283716,"26.3",60513.6,"1.0",41.7,57.3,"4.8","17.7","77.4","7.6","51.9/67.1",102,102,"129315","76997","52318","28967","0.3",63.2,"1.6","2.0","83.0/78.7","21.6/19.1","746.3/15.9","10.5","3.4",7.8,"2.8","5.3","102.0/100.9","129.4/125.6","87.6/80.1",22.2,"103.7","80.1",50,"10.9","34.1/7.3",84,114,"97.9/97.8","89.1/92.9","-99",-99
"16","Germany",16,6.95100021362305,7.00538156926632,6.89661885797977,1.48792338371277,1.47252035140991,0.798950731754303,0.562511384487152,0.336269170045853,0.276731938123703,2.01576995849609,"WesternEurope","357376",82114,235.6,97,3363600,"1.7",41686.2,"0.6",30.5,68.9,"1.4","27.5","71.2","4.2","54.5/66.1",111,111,"1340752","1060672","280080","279969","0.2",75.3,"0.2","1.4","82.9/77.9","13.1/28.0","12005.7/14.9","1052.1","3.4",11.3,"4.1","5.0","104.7/105.2","99.6/105.6","66.8/69.7",37,"116.7","87.6",116,"32.7","719.9/8.9",5004,158,"100.0/100.0","99.3/99.0","-99",-99
"17","Belgium",17,6.89099979400635,6.95582075044513,6.82617883756757,1.46378076076508,1.46231269836426,0.818091869354248,0.539770722389221,0.231503337621689,0.251343131065369,2.12421035766602,"WesternEurope","30528",11429,377.5,97.3,455107,"1.5",40277.8,"0.7",22.2,77.1,"1.2","21.2","77.6","8.3","48.1/58.9",108,107,"398033","372713","25321","1936","0.6",97.9,"0.5","1.8","83.0/78.0","17.1/24.6","1387.9/12.3","63.8","3.5",10.6,"3.0","6.6","104.2/104.2","177.7/156.4","85.4/65.0",38,"115.7","85.1",37,"22.6","93.4/8.3",520,196,"100.0/100.0","99.5/99.4","-99",-99
"18","Luxembourg",18,6.86299991607666,6.92368609987199,6.80231373228133,1.74194359779358,1.45758366584778,0.845089495182037,0.59662789106369,0.283180981874466,0.31883442401886,1.61951208114624,"WesternEurope","2586",584,225.3,101,56802,"3.5",100160.8,"0.2",12.1,87.7,"1.3","10.2","88.5","5.6","52.0/65.5",98,98,"12838","19124","-6285","2962","2.2",90.2,"1.7","1.5","83.4/78.8","16.4/19.6","249.3/44.0","4.2","3.4",6.9,"2.9","4.1","97.3/96.9","103.5/101.1","20.7/18.2",28.3,"148.5","97.3",11,"33.5","9.7/17.3",6,290,"100.0/100.0","97.5/98.5","-99",-99
"19","United Kingdom",19,6.71400022506714,6.78379176110029,6.64420868903399,1.44163393974304,1.49646008014679,0.805335938930511,0.508190035820007,0.492774158716202,0.265428066253662,1.70414352416992,"NorthernEurope","242495",66182,273.6,97.4,2858003,"2.2",44162.4,"0.7",19.4,79.9,"1.2","18.4","80.4","5.0","57.0/68.6",108,108,"415856","635570","-219713","-122571","0.6",82.6,"0.9","1.9","82.8/79.0","17.7/23.9","8543.1/13.2","151.7","4.1",9.1,"2.8","5.7","108.1/108.4","130.4/125.3","64.1/49.0",30,"125.8","92.0",102,"12.9","419.8/6.5",4482,116,"100.0/100.0","99.1/99.6","-99",-99
"20","Chile",20,6.65199995040894,6.73925056010485,6.56474934071302,1.25278460979462,1.28402495384216,0.819479703903198,0.376895278692245,0.326662421226501,0.0822879821062088,2.50958585739136,"SouthAmerica","756102",18055,24.3,98.2,240796,"2.3",13416.2,"3.9",32.8,63.3,"9.6","22.9","67.5","6.8","50.7/74.7",111,111,"59884","58804","1080","-4761","0.9",89.5,"1.1","1.8","81.3/76.2","20.3/16.0","469.4/2.6","3.7","7.4",7.8,"...","4.9","100.0/103.3","101.3/100.0","94.4/83.0",15.8,"129.5","64.3",197,"23.4","82.6/4.7",540,85,"99.7/93.3","100.0/90.9","0.02",-99
"21","United Arab Emirates",21,6.64799976348877,6.72204730376601,6.57395222321153,1.62634336948395,1.26641023159027,0.726798236370087,0.60834527015686,0.3609419465065,0.324489563703537,1.734703540802,"WesternAsia","83600",9400,112.4,262.4,370296,"3.8",40438.8,"0.7",44.9,54.4,"3.5","21.1","75.4","3.7","41.7/90.8",70,70,"195613","201908","-6296","-99","2.0",85.5,"2.9","1.8","78.2/76.0","13.9/2.4","8095.1/88.4","1.3","6.2",3.6,"1.6","-99","116.0/116.7","-99","-99",20,"187.4","91.2",56,"3.8","211.4/23.2",8642,366,"99.6/100.0","98.0/95.2","-99",-99
"22","Brazil",22,6.63500022888184,6.72546950161457,6.5445309561491,1.10735321044922,1.43130600452423,0.616552352905273,0.437453746795654,0.16234989464283,0.111092761158943,2.76926708221436,"SouthAmerica","8515767",209288,25,96.6,1772591,"-3.8",8528.3,"5.2",22.7,72,"15.2","21.5","63.2","12.4","56.0/78.2",135,136,"185235","137552","47683","-58882","0.9",85.7,"1.2","1.8","78.4/71.0","21.7/12.6","713.6/0.3","41.1","15.8",8.3,"1.9","6.0","113.8/116.8","102.2/97.2","59.3/42.4",10.7,"126.6","59.1",990,"59.2","529.8/2.6",10948,61,"100.0/87.0","88.0/51.5","0.06",-99
"23","Czech Republic",23,6.60900020599365,6.68386246263981,6.5341379493475,1.35268235206604,1.43388521671295,0.754444003105164,0.490946173667908,0.0881067588925362,0.0368729270994663,2.45186185836792,NA,NA,NA,NA,NA,NA,NA,NA,NA,NA,NA,NA,NA,NA,NA,NA,NA,NA,NA,NA,NA,NA,NA,NA,NA,NA,NA,NA,NA,NA,NA,NA,NA,NA,NA,NA,NA,NA,NA,NA,NA,NA,NA,NA,NA,NA,NA,NA,NA
"24","Argentina",24,6.59899997711182,6.69008508607745,6.50791486814618,1.18529546260834,1.44045114517212,0.695137083530426,0.494519203901291,0.109457060694695,0.059739887714386,2.61400532722473,"SouthAmerica","2780400",44271,16.2,95.9,632343,"2.4",14564.5,"6.0",27.8,66.2,"2.0","24.8","73.1","6.5","48.6/74.4",119,119,"57733","55610","2124","-15944","1.0",91.8,"1.0","2.3","79.8/72.2","24.9/15.4","2086.3/4.8","5.0","13.7",4.8,"3.8","5.3","109.8/110.2","110.3/103.4","102.9/63.5",38.9,"143.9","69.4",256,"10.0","204.0/4.7",3167,85,"99.0/100.0","96.2/98.3","0.01",-99
"25","Mexico",25,6.57800006866455,6.67114890769124,6.48485122963786,1.15318381786346,1.210862159729,0.709978997707367,0.412730008363724,0.120990432798862,0.132774114608765,2.83715486526489,"CentralAmerica","1964375",129163,66.4,99.2,1140724,"2.5",8980.9,"3.6",36,60.4,"13.4","25.2","61.3","4.1","45.5/79.5",120,120,"373883","387064","-13181","-33216","1.4",79.2,"1.6","2.3","78.9/74.0","26.7/10.1","1193.2/0.9","5.9","18.8",6.3,"2.1","5.3","103.2/103.6","93.5/87.7","30.0/29.9",42.6,"85.3","57.4",1162,"34.0","480.3/3.8",8514,62,"97.2/92.1","88.0/74.5","0.03",-99
"26","Singapore",26,6.57200002670288,6.63672306910157,6.50727698430419,1.69227766990662,1.35381436347961,0.949492394924164,0.549840569496155,0.345965981483459,0.46430778503418,1.21636199951172,"South-easternAsia","719",5709,8155.5,97.7,292734,"2.0",52239,"~0.0",26.4,73.6,"0.3","17.0","82.6","2.0","57.8/76.1",112,112,"329871","283009","46862","57922","1.7",100,"2.0","1.2","84.5/80.1","15.0/19.5","2543.6/45.4","~0.0","2.1",4.9,"1.9","2.9","-99","-99","-99",23.8,"146.1","82.1",293,"23.1","56.4/10.2",27,209,"100.0/...","100.0/...","-99",-99
"27","Malta",27,6.52699995040894,6.59839677289128,6.45560312792659,1.34327983856201,1.48841166496277,0.821944236755371,0.588767051696777,0.574730575084686,0.153066068887711,1.55686283111572,"SouthernEurope","315",431,1346.4,100.9,9747,"6.2",23280.7,"1.4",15,83.6,"1.2","20.9","77.9","5.4","39.4/65.7",96,96,"4039","7182","-3143","539","0.5",95.4,"0.5","1.4","82.0/78.6","14.4/26.1","41.4/9.9","8.1","4.8",9.7,"3.9","7.8","104.7/102.2","98.1/91.7","55.2/40.3",12.5,"129.3","76.2",39,"1.1","2.3/5.6",1,78,"100.0/100.0","100.0/100.0","-99",-99
"28","Uruguay",28,6.4539999961853,6.54590621769428,6.36209377467632,1.21755969524384,1.41222786903381,0.719216823577881,0.57939225435257,0.175096929073334,0.178061872720718,2.17240953445435,"SouthAmerica","173626",3457,19.8,93.5,53442,"1.0",15573.8,"6.8",28,65.2,"8.7","20.5","70.8","8.8","55.6/76.3",129,130,"6964","8137","-1173","-1141","0.3",95.3,"0.5","2.0","80.4/73.2","21.1/19.5","71.8/2.1","0.5","12.7",8.6,"...","4.4","107.3/109.8","100.0/90.3",".../...",20.2,"160.2","64.6",106,"10.4","6.7/2.0",113,58,"100.0/93.9","96.6/92.6","0.04",-99
"29","Guatemala",29,6.4539999961853,6.56687397271395,6.34112601965666,0.872001945972443,1.25558519363403,0.540239989757538,0.531310617923737,0.283488392829895,0.0772232785820961,2.89389109611511,"CentralAmerica","108889",16914,157.8,96.9,63794,"4.1",3903.5,"10.8",27.2,62,"32.0","18.5","49.4","2.4","41.7/84.0",158,158,"10572","16987","-6415","-96","2.1",51.6,"3.4","3.2","75.6/69.2","35.1/6.9","76.4/0.5","1.8","26.9",6.2,"...","3.0","99.8/103.8","63.3/67.9","23.5/20.2",12.7,"111.5","27.1",290,"33.4","18.3/1.1",327,32,"98.4/86.8","77.5/49.3","0.66",-99
"30","Panama",30,6.4520001411438,6.55713071614504,6.34686956614256,1.23374843597412,1.37319254875183,0.706156134605408,0.550026834011078,0.21055693924427,0.070983923971653,2.30719995498657,"CentralAmerica","75320",4099,55.1,100.4,52132,"5.8",13268.1,"2.8",27.1,70,"14.5","19.6","65.9","6.2","50.5/80.4",117,118,"636","11697","-11061","-3377","1.7",66.6,"2.1","2.6","80.5/74.3","27.4/11.4","184.7/4.7","21.5","15.2",8,"1.6","3.2","100.9/103.5","78.3/72.9","46.5/31.2",18.3,"174.2","51.2",383,"62.3","8.8/2.3",31,35,"97.7/88.6","83.5/58.0","0.02",-99
"31","France",31,6.44199991226196,6.51576780244708,6.36823202207685,1.43092346191406,1.38777685165405,0.844465851783752,0.470222115516663,0.129762306809425,0.172502428293228,2.00595474243164,"WesternEurope","551500",64980,118.7,96.7,2418946,"1.3",36304.2,"1.7",19.5,78.8,"2.7","20.5","76.8","9.8","50.3/59.4",103,103,"488885","560555","-71670","-4861","0.4",79.5,"0.8","2.0","85.0/78.8","18.1/25.7","7784.4/12.1","356.2","3.4",11.5,"3.2","5.5","105.0/105.7","111.2/110.1","71.0/57.9",25.8,"102.6","84.7",278,"30.8","303.3/4.7",5694,158,"100.0/100.0","98.6/98.9","-99",-99
"32","Thailand",32,6.42399978637695,6.50911685571074,6.33888271704316,1.12786877155304,1.42579245567322,0.647239029407501,0.580200731754303,0.572123110294342,0.0316127352416515,2.03950834274292,"South-easternAsia","513120",69038,135.1,95.2,395168,"2.8",5814.8,"9.1",35.7,55.1,"34.0","22.7","43.3","0.6","62.7/79.8",129,126,"213927","195666","18260","32149","0.4",50.4,"3.0","1.5","78.4/70.8","17.3/16.9","3913.3/5.8","554.1","11.2",4.1,"...","4.1","99.2/106.1","125.3/132.6","57.3/40.5",4.9,"125.8","39.3",611,"32.0","316.2/4.7",3338,83,"97.6/98.0","89.9/96.1","0.02",-99
"33","Taiwan Province of China",33,6.42199993133545,6.49459602192044,6.34940384075046,1.43362653255463,1.38456535339355,0.793984234333038,0.361466586589813,0.258360475301743,0.0638292357325554,2.1266074180603,NA,NA,NA,NA,NA,NA,NA,NA,NA,NA,NA,NA,NA,NA,NA,NA,NA,NA,NA,NA,NA,NA,NA,NA,NA,NA,NA,NA,NA,NA,NA,NA,NA,NA,NA,NA,NA,NA,NA,NA,NA,NA,NA,NA,NA,NA,NA,NA,NA
"34","Spain",34,6.40299987792969,6.4710548453033,6.33494491055608,1.38439786434174,1.53209090232849,0.888960599899292,0.408781230449677,0.190133571624756,0.0709140971302986,1.92775774002075,"SouthernEurope","505944",46354,92.9,96.2,1192955,"3.2",25865.4,"2.6",23.6,73.7,"3.9","19.2","76.8","18.3","52.1/64.2",102,102,"281777","302539","-20762","16208","-0.2",79.6,"0.7","1.3","85.3/79.6","14.7/25.3","5853.0/12.7","28.8","2.9",9,"3.8","4.3","105.6/104.5","129.6/130.0","97.1/82.5",39.1,"107.9","78.7",617,"36.8","234.0/5.1",1432,102,"100.0/100.0","99.8/100.0","-99",-99
"35","Qatar",35,6.375,6.56847681432962,6.18152318567038,1.87076568603516,1.27429687976837,0.710098087787628,0.604130983352661,0.330473870038986,0.439299255609512,1.1454644203186,"WesternAsia","11607",2639,227.3,301.2,164641,"3.6",73653.4,"0.2",56.4,43.5,"1.2","54.1","44.7","0.3","53.1/93.6",154,154,"57254","32058","25196","13751","6.6",99.2,"6.0","2.0","79.4/76.8","13.9/2.8","1687.6/75.5","1.5","7.2",2.2,"2.0","3.6","103.6/102.4","103.6/82.0","43.9/6.3",0,"153.6","92.9",39,"0.0","107.9/49.7",9166,846,"100.0/100.0","98.0/98.0","-99",-99
"36","Colombia",36,6.35699987411499,6.45202005416155,6.26197969406843,1.07062232494354,1.4021829366684,0.595027923583984,0.477487415075302,0.149014472961426,0.0466687418520451,2.61606812477112,"SouthAmerica","1141748",49066,44.2,96.8,292080,"3.1",6056.1,"6.8",34,59.2,"13.5","16.6","69.9","10.5","58.0/79.8",114,115,"31045","44831","-13786","-18922","1.0",76.4,"1.7","1.9","77.4/70.2","23.5/11.6","133.1/0.3","7127.0","17.9",7.2,"...","4.5","111.6/115.4","101.5/94.8","59.9/51.5",18.7,"115.7","55.9",835,"52.8","84.1/1.8",5380,31,"96.8/73.8","85.2/67.9","0.47",-99
"37","Saudi Arabia",37,6.3439998626709,6.44416661202908,6.24383311331272,1.53062355518341,1.28667759895325,0.590148329734802,0.449750572443008,0.147616013884544,0.27343225479126,2.0654296875,"WesternAsia","2206714",32938,15.3,132.9,653219,"3.4",20710.6,"2.3",46,51.8,"5.9","22.7","71.4","5.5","20.0/78.5",96,96,"182329","135904","46426","-56724","2.8",83.1,"2.1","2.7","75.6/72.7","25.2/5.6","10185.9/32.3","70.2","13.0",4.7,"2.6","...","111.1/107.9","93.7/122.6","61.8/64.4",19.9,"176.6","69.6",131,"0.5","601.0/19.5",25904,287,"97.0/97.0","100.0/100.0","...",-99
"38","Trinidad and Tobago",38,6.16800022125244,6.38153389066458,5.95446655184031,1.36135590076447,1.3802285194397,0.519983291625977,0.518630743026733,0.325296461582184,0.00896481610834599,2.05324745178223,"Caribbean","5127",1369,266.9,97.1,25927,"0.2",19062.9,"0.5",42.5,57,"4.1","31.6","64.3","4.2","52.4/73.2",95,95,"4576","4826","-249","...","0.5",8.4,"-1.2","1.8","73.8/66.9","20.7/15.0","49.9/3.7","0.2","24.8",5.9,"...","...",".../...",".../...",".../...",31,"157.7","69.2",69,"45.4","46.3/34.2",1663,607,"95.1/95.1","91.5/91.5","...",-99
"39","Kuwait",39,6.10500001907349,6.1919569888711,6.01804304927588,1.63295245170593,1.25969874858856,0.632105708122253,0.496337592601776,0.228289797902107,0.215159550309181,1.64042520523071,"WesternAsia","17818",4136,232.1,134.9,114054,"1.8",29303.9,"0.6",48.7,50.7,"2.6","27.3","70.1","2.2","47.7/83.6",199,199,"46238","30825","15413","8584","5.4",98.3,"3.6","2.0","75.5/73.5","21.1/4.9","2866.1/73.6","94.7","8.4",3,"1.9","...","103.0/102.4","102.7/88.2","33.1/20.4",3.1,"231.8","82.1",49,"0.4","95.4/25.4",6941,380,"99.0/99.0","100.0/100.0","-99",-99
"40","Slovakia",40,6.09800004959106,6.1773484121263,6.01865168705583,1.32539355754852,1.50505924224854,0.712732911109924,0.295817464590073,0.136544480919838,0.0242108516395092,2.09777665138245,"EasternEurope","49035",5448,113.3,94.6,87268,"3.8",16082.5,"3.7",34.8,61.5,"3.3","34.5","62.2","9.9","51.4/68.0",97,97,"77565","75156","2409","193","0.1",53.6,"-0.3","1.4","79.8/72.6","15.4/21.8","177.2/3.3","2.7","5.7",8.1,"3.4","4.2","99.2/100.2","92.8/92.1","64.6/41.8",20,"122.3","85.0",54,"40.3","30.7/5.6",264,121,"100.0/100.0","99.4/98.2","-99",-99
"41","Bahrain",41,6.08699989318848,6.17898906782269,5.99501071855426,1.48841226100922,1.32311046123505,0.653133034706116,0.536746919155121,0.172668486833572,0.257042169570923,1.65614938735962,"WesternAsia","771",1493,1963.9,168.3,31126,"2.9",22600.2,"0.3",40.7,59,"1.0","33.4","65.6","1.3","38.5/84.9",167,167,"12892","14749","-1856","1124","2.0",88.8,"1.7","2.1","77.5/75.6","19.7/4.6","704.1/51.1","0.4","6.9",5,"0.9","2.7","101.8/100.6","101.9/102.4","59.4/30.9",7.5,"185.3","93.5",36,"0.8","31.3/23.0",961,413,"100.0/100.0","99.2/99.2","-99",-99
"42","Malaysia",42,6.08400011062622,6.17997963652015,5.98802058473229,1.29121541976929,1.28464603424072,0.618784427642822,0.402264982461929,0.416608929634094,0.0656007081270218,2.00444889068604,"South-easternAsia","330323",31624,96.3,106.7,296284,"5.0",9768.4,"8.6",39.6,51.8,"11.8","27.3","60.9","3.3","49.3/77.8",122,130,"189414","168375","21039","8960","1.8",74.7,"2.7","2.1","77.1/72.6","24.3/9.7","2514.2/8.3","238.6","6.5",4.2,"1.3","5.0","101.9/101.7","80.7/74.6","31.8/20.8",10.4,"143.9","71.1",1272,"67.5","242.8/8.1",3738,118,"100.0/93.0","96.1/95.9","0.00",-99
"43","Nicaragua",43,6.07100009918213,6.18658360034227,5.95541659802198,0.737299203872681,1.28721570968628,0.653095960617065,0.447551846504211,0.301674216985703,0.130687981843948,2.51393055915833,"CentralAmerica","130373",6218,51.7,97.2,12693,"4.9",2086.9,"18.8",26.8,54.4,"24.1","14.5","61.4","6.1","49.6/80.6",130,130,"2225","5927","-3701","-1045","1.2",58.8,"2.0","2.3","77.5/71.4","29.0/8.4","40.3/0.7","0.6","20.0",9,"0.9","...",".../...",".../...",".../...",45.7,"116.1","19.7",144,"25.9","4.9/0.8",91,26,"99.3/69.4","76.5/55.7","3.68",-99
"44","Ecuador",44,6.00799989700317,6.10584767535329,5.91015211865306,1.00082039833069,1.28616881370544,0.685636222362518,0.4551981985569,0.150112465023994,0.140134647488594,2.29035258293152,"SouthAmerica","257217",16625,66.9,99.9,100177,"0.2",6205.1,"10.1",34.1,55.8,"25.7","19.2","55.1","5.8","49.1/79.9",118,119,"16798","16189","609","-2201","1.6",63.7,"1.9","2.6","78.4/72.8","28.4/10.5","387.5/2.4","133.1","21.1",9.2,"1.7","5.0","107.9/107.4","109.2/105.3","45.3/34.6",41.6,"79.4","48.9",2358,"50.8","43.9/2.8",1247,42,"93.4/75.5","87.0/80.7","0.31",-99
"45","El Salvador",45,6.00299978256226,6.108635122329,5.89736444279552,0.909784495830536,1.18212509155273,0.596018552780151,0.432452529668808,0.0782579854130745,0.0899809598922729,2.7145938873291,"CentralAmerica","21041",6378,307.8,88.5,25850,"2.5",4219.4,"10.8",25.8,63.3,"18.6","20.2","61.2","6.4","49.5/79.5",111,117,"5335","9855","-4519","-920","0.5",66.7,"1.4","2.2","77.1/67.9","27.4/11.6","42.0/0.7","4.7","17.0",6.8,"...","3.5","106.8/111.4","79.7/79.2","30.5/27.7",32.1,"145.3","26.9",86,"13.0","6.3/1.0",86,28,"97.5/86.5","82.4/60.0","0.36",-99
"46","Poland",46,5.97300004959106,6.05390834122896,5.89209175795317,1.29178786277771,1.44571197032928,0.699475347995758,0.520342111587524,0.158465966582298,0.0593078061938286,1.79772281646729,"EasternEurope","312679",38171,124.6,93.4,477066,"3.9",12355.5,"2.6",34.1,63.3,"10.9","29.6","59.5","5.3","49.1/64.9",113,113,"196455","188518","7937","-2932","-~0.0",60.5,"-0.1","1.3","81.0/72.9","14.8/24.0","619.4/1.6","23.7","4.5",6.4,"2.3","4.9","100.7/100.5","106.1/110.0","82.6/54.2",28,"148.7","68.0",58,"30.7","285.7/7.4",2819,102,"99.3/96.9","97.5/96.7","-99",-99
"47","Uzbekistan",47,5.97100019454956,6.06553757295012,5.876462816149,0.786441087722778,1.54896914958954,0.498272627592087,0.658248662948608,0.415983647108078,0.246528223156929,1.81691360473633,"CentralAsia","448969",31911,75,99.4,69004,"6.8",2308.3,"19.2",32.9,47.9,"29.0","23.9","47.1","8.9","48.5/76.6",158,174,"27947","25652","2295","-99","1.6",36.4,"1.4","2.4","73.5/68.1","28.0/7.6","1170.9/3.9","86.7","31.3",5.8,"2.5","-99","103.2/105.6","95.1/96.8","7.1/11.0",16,"73.3","42.8",59,"7.6","105.2/3.6",2339,62,"98.5/80.9","100.0/100.0","0.66",-99
"48","Italy",48,5.96400022506714,6.04273690596223,5.88526354417205,1.39506661891937,1.44492328166962,0.853144347667694,0.256450712680817,0.17278964817524,0.0280280914157629,1.81331205368042,"SouthernEurope","302073",59360,201.8,95.1,1821580,"0.7",30462.4,"2.2",23.5,74.2,"3.5","27.1","69.4","11.4","39.2/57.8",89,89,"461529","404578","56951","29348","-0.1",69,"0.4","1.4","84.7/79.9","13.5/29.4","5788.9/9.7","216.7","3.0",9.2,"3.9","4.1","100.6/101.4","101.7/104.1","72.2/53.2",31,"151.3","65.6",359,"31.4","320.4/5.4",1539,103,"100.0/100.0","99.5/99.6","-99",-99
"49","Russia",49,5.96299982070923,6.03027490749955,5.89572473391891,1.28177809715271,1.46928238868713,0.547349333763123,0.373783111572266,0.0522638224065304,0.0329628810286522,2.20560741424561,NA,NA,NA,NA,NA,NA,NA,NA,NA,NA,NA,NA,NA,NA,NA,NA,NA,NA,NA,NA,NA,NA,NA,NA,NA,NA,NA,NA,NA,NA,NA,NA,NA,NA,NA,NA,NA,NA,NA,NA,NA,NA,NA,NA,NA,NA,NA,NA,NA
"50","Belize",50,5.95599985122681,6.19724231779575,5.71475738465786,0.907975316047668,1.08141779899597,0.450191766023636,0.547509372234344,0.240015640854836,0.0965810716152191,2.63195562362671,"CentralAmerica","22966",375,16.4,99.2,1721,"1.2",4789.4,"14.6",18.5,66.9,"16.1","15.9","67.9","11.5","56.7/83.8",97,97,"246","952","-706","-175","2.2",44,"1.9","2.6","72.7/67.2","31.4/6.2","53.9/15.0","3.1","14.3",5.8,"...","6.4","110.4/115.8","81.8/79.8","28.7/17.9",9.4,"48.9","41.6",117,"60.1","0.5/1.4",9,36,"98.9/100.0","93.5/88.2","1.68",-99
"51","Japan",51,5.92000007629395,5.99071944460273,5.84928070798516,1.41691517829895,1.43633782863617,0.913475871086121,0.505625545978546,0.12057276815176,0.163760736584663,1.36322355270386,"EasternAsia","377930",127484,349.7,95.4,4383076,"1.2",34628.7,"1.2",26.4,72.4,"3.7","26.5","69.8","3.0","48.9/69.7",96,97,"644932","606924","38008","135608","-0.1",93.5,"0.6","1.4","86.4/80.0","12.9/33.4","2043.9/1.6","19.4","2.2",10.2,"2.3","3.6","101.2/101.3","101.9/101.6","60.9/65.7",9.3,"125.0","93.3",404,"68.5","1214.0/9.6",1114,146,"100.0/100.0","100.0/100.0","-99",-99
"52","Lithuania",52,5.90199995040894,5.98266964137554,5.82133025944233,1.31458234786987,1.47351610660553,0.62894994020462,0.234231784939766,0.010164656676352,0.0118656428530812,2.22844052314758,"NorthernEurope","65286",2890,46.1,85.4,41402,"1.8",14383.7,"3.6",29.8,66.5,"8.7","24.5","66.8","9.2","54.1/66.1",125,125,"25025","27501","-2476","-977","-1.3",66.5,"-0.5","1.6","79.3/68.5","14.8/25.3","136.0/4.7","4.7","4.4",6.6,"4.3","4.6","103.7/103.2","106.1/110.3","82.0/55.8",21.3,"139.5","71.4",26,"34.8","12.8/4.4",74,98,"99.7/90.4","97.2/82.8","-99",-99
"53","Algeria",53,5.87200021743774,5.97828643366694,5.76571400120854,1.09186446666718,1.1462174654007,0.617584645748138,0.233335807919502,0.0694366469979286,0.146096110343933,2.56760382652283,"NorthernAfrica","2381741",41318,17.3,102,164779,"3.8",4154.1,"12.2",37.3,50.5,"10.8","34.5","54.7","11.4","17.0/70.7",160,161,"29992","47091","-17099","-27229","2.0",70.7,"2.8","3.0","76.5/74.1","29.3/9.4","242.4/0.6","99.8","27.7",7.2,"...","...","112.7/119.5","101.7/98.1","45.1/28.9",31.6,"113.0","38.2",135,"0.8","145.4/3.7",5900,55,"84.3/81.8","89.8/82.2","0.05",-99
"54","Latvia",54,5.84999990463257,5.92026353821158,5.77973627105355,1.26074862480164,1.40471494197845,0.638566970825195,0.325707912445068,0.153074786067009,0.0738427266478539,1.99365520477295,"NorthernEurope","64573",1950,31.3,84.9,27004,"2.7",13704.1,"3.2",23.3,73.5,"7.3","23.0","69.7","9.6","54.5/67.7",130,130,"11433","13596","-2163","-210","-1.2",67.4,"-0.7","1.5","78.7/68.8","15.4/26.2","263.1/13.4","252.6","6.5",5.9,"3.2","5.3","99.2/100.1","119.1/119.9","79.2/55.5",16,"127.0","79.2",30,"54.0","7.0/3.5",108,99,"99.8/98.3","90.8/81.5","-99",-99
"55","South Korea",55,5.83799982070923,5.92255902826786,5.7534406131506,1.40167844295502,1.12827444076538,0.900214076042175,0.257921665906906,0.206674367189407,0.0632826685905457,1.88037800788879,NA,NA,NA,NA,NA,NA,NA,NA,NA,NA,NA,NA,NA,NA,NA,NA,NA,NA,NA,NA,NA,NA,NA,NA,NA,NA,NA,NA,NA,NA,NA,NA,NA,NA,NA,NA,NA,NA,NA,NA,NA,NA,NA,NA,NA,NA,NA,NA,NA
"56","Moldova",56,5.83799982070923,5.90837083846331,5.76762880295515,0.728870630264282,1.25182557106018,0.589465200901031,0.240729048848152,0.208779126405716,0.0100912861526012,2.80780839920044,NA,NA,NA,NA,NA,NA,NA,NA,NA,NA,NA,NA,NA,NA,NA,NA,NA,NA,NA,NA,NA,NA,NA,NA,NA,NA,NA,NA,NA,NA,NA,NA,NA,NA,NA,NA,NA,NA,NA,NA,NA,NA,NA,NA,NA,NA,NA,NA,NA
"57","Romania",57,5.82499980926514,5.91969415679574,5.73030546173453,1.21768391132355,1.15009129047394,0.685158312320709,0.457003742456436,0.133519917726517,0.00438790069893003,2.17683148384094,"EasternEurope","238391",19679,85.5,94,177956,"3.7",9120.7,"4.8",34.9,60.3,"25.5","27.7","46.8","7.1","47.3/64.5",100,100,"63581","74605","-11024","-2096","-0.6",54.6,"~0.0","1.5","78.4/71.4","15.3/24.9","226.9/1.2","3.2","8.7",5.6,"2.7","3.1","89.0/90.5","92.0/92.5","59.0/47.8",20.7,"107.1","55.8",104,"29.5","70.0/3.6",1109,68,"100.0/100.0","92.2/63.3","-99",-99
"58","Bolivia",58,5.82299995422363,5.9039769025147,5.74202300593257,0.833756566047668,1.22761905193329,0.473630249500275,0.558732926845551,0.22556072473526,0.0604777261614799,2.44327902793884,NA,NA,NA,NA,NA,NA,NA,NA,NA,NA,NA,NA,NA,NA,NA,NA,NA,NA,NA,NA,NA,NA,NA,NA,NA,NA,NA,NA,NA,NA,NA,NA,NA,NA,NA,NA,NA,NA,NA,NA,NA,NA,NA,NA,NA,NA,NA,NA,NA
"59","Turkmenistan",59,5.82200002670288,5.88518087550998,5.75881917789578,1.13077676296234,1.49314916133881,0.437726080417633,0.41827192902565,0.24992498755455,0.259270340204239,1.83290982246399,"CentralAsia","488100",5758,12.3,97,37597,"6.5",6996.7,"13.4",51,35.6,"17.9","37.4","44.7","8.6","47.3/77.7",103,109,"3741","2616","1125","-99","1.8",50,"1.9","3.0","70.8/63.9","30.9/7.3","196.4/3.7","7.2","46.9",2.1,"2.3","3.1","88.6/90.1","83.7/86.9","6.2/9.7",25.8,"145.9","15.0",54,"8.8","68.4/12.9",3270,212,".../...",".../...","0.07",-99
"60","Kazakhstan",60,5.81899976730347,5.90364177465439,5.73435775995255,1.28455626964569,1.38436901569366,0.606041550636292,0.437454283237457,0.201964423060417,0.119282886385918,1.78489255905151,"CentralAsia","2724902",18204,6.7,93.9,181754,"1.2",10312.1,"5.0",32.5,62.5,"18.1","20.4","61.6","5.6","66.3/77.5",126,127,"36775","25175","11601","-5464","1.6",53.2,"0.9","2.7","73.9/64.3","27.9/11.1","3546.8/20.1","9.2","14.1",4.4,"3.3","2.8","109.1/108.8","113.5/110.6","51.3/41.4",27.1,"187.2","72.9",82,"1.2","248.3/14.3",7091,193,"99.4/85.6","97.0/98.1","0.05",-99
"61","North Cyprus",61,5.80999994277954,5.89736646488309,5.72263342067599,1.3469113111496,1.18630337715149,0.834647238254547,0.471203625202179,0.266845703125,0.155353352427483,1.54915761947632,NA,NA,NA,NA,NA,NA,NA,NA,NA,NA,NA,NA,NA,NA,NA,NA,NA,NA,NA,NA,NA,NA,NA,NA,NA,NA,NA,NA,NA,NA,NA,NA,NA,NA,NA,NA,NA,NA,NA,NA,NA,NA,NA,NA,NA,NA,NA,NA,NA
"62","Slovenia",62,5.75799989700317,5.84222516000271,5.67377463400364,1.3412059545517,1.45251882076263,0.790828227996826,0.572575807571411,0.242649093270302,0.0451289787888527,1.31331729888916,"SouthernEurope","20273",2080,103.3,98.6,42777,"2.3",20689.8,"2.4",32.7,64.9,"8.9","29.6","61.5","8.1","51.8/62.2",89,89,"27585","26646","939","2216","0.3",49.7,"0.1","1.6","83.2/77.2","15.0/26.3","236.0/11.4","0.6","2.5",9.2,"2.8","5.5","99.4/99.2","110.5/110.8","98.5/68.2",36.7,"113.2","73.1",143,"62.0","12.8/6.2",154,135,"99.7/99.4","99.1/99.1","-99",-99
"63","Peru",63,5.71500015258789,5.81194677859545,5.61805352658033,1.03522527217865,1.21877038478851,0.630166113376617,0.450002878904343,0.126819714903831,0.0470490865409374,2.20726943016052,"SouthAmerica","1285216",32166,25.1,99.8,190428,"3.3",6069.1,"7.6",33.3,59.2,"24.4","17.3","58.3","5.3","66.1/82.8",145,148,"36040","36185","-145","-9210","1.3",78.6,"1.7","2.5","76.8/71.5","27.4/10.4","90.9/0.3","2.5","18.6",5.5,"1.1","4.0","101.7/101.7","95.8/95.7",".../...",27.7,"109.9","40.9",685,"57.9","61.7/2.0",1020,30,"91.4/69.2","82.5/53.2","0.18",-99
"64","Mauritius",64,5.62900018692017,5.72986219167709,5.52813818216324,1.18939554691315,1.20956099033356,0.638007462024689,0.491247326135635,0.360933750867844,0.0421815551817417,1.6975839138031,"EasternAfrica","1969",1265,623.2,97.9,11511,"3.5",9040.9,"2.9",22.7,74.4,"7.3","25.2","67.5","7.6","46.9/74.3",96,96,"2194","4655","-2461","-566","0.2",39.7,"-0.1","1.5","77.7/70.7","18.4/16.6","28.6/2.2","-99","12.0",4.8,"...","4.9","103.9/102.2","97.9/93.6","41.7/31.7",11.6,"140.6","50.1",257,"19.0","4.2/3.3",10,51,"99.9/99.8","93.9/92.6","0.67",-99
"65","Cyprus",65,5.62099981307983,5.71469269931316,5.5273069268465,1.35593807697296,1.13136327266693,0.84471470117569,0.355111539363861,0.271254301071167,0.0412379764020443,1.62124919891357,"WesternAsia","9251",1180,127.7,100.2,19561,"1.7",21941.9,"2.3",10.6,87.2,"4.1","16.7","79.2","10.3","57.8/70.4",80,80,"1920","6604","-4684","-576","0.9",66.9,"0.9","1.4","82.2/77.7","16.8/18.5","196.2/16.8","16.2","4.2",7.4,"2.5","6.1","99.3/99.3","99.4/100.1","69.4/51.1",17.9,"95.4","71.7",72,"18.7","6.1/5.2",5,72,"100.0/100.0","100.0/100.0","-99",-99
"66","Estonia",66,5.61100006103516,5.68813987419009,5.53386024788022,1.32087934017181,1.47667109966278,0.695168316364288,0.479131430387497,0.0988908112049103,0.183248922228813,1.35750865936279,"NorthernEurope","45227",1310,30.9,88.2,22460,"1.4",17112,"3.4",27.4,69.2,"3.8","29.0","67.3","7.2","55.4/69.4",136,136,"13952","15759","-1807","493","-0.3",67.5,"-0.4","1.6","81.2/71.8","16.4/25.9","202.3/15.4","84.2","3.2",6.4,"3.3","5.5","98.5/98.3","114.7/115.6","84.8/55.4",26.7,"148.7","88.4",23,"52.7","19.5/14.8",242,193,"100.0/99.0","97.5/96.6","-99",-99
"67","Belarus",67,5.56899976730347,5.64611424401402,5.49188529059291,1.15655755996704,1.44494521617889,0.637714266777039,0.295400261878967,0.15513750910759,0.156313821673393,1.72323298454285,"EasternEurope","207600",9468,46.7,87,54609,"-3.9",5750.8,"7.5",38.9,53.6,"9.6","32.0","58.4","0.5","54.0/67.8",122,122,"23414","27464","-4050","-2037","~0.0",76.7,"~0.0","1.6","77.7/66.5","16.7/21.3","1082.9/11.4","7.9","3.6",5.7,"4.1","4.9","101.3/101.4","106.4/107.8","100.7/75.9",34.5,"123.6","62.2",25,"42.5","63.5/6.7",155,122,"99.9/99.1","94.1/95.2","0.20",-99
"68","Libya",68,5.52500009536743,5.67695380687714,5.37304638385773,1.10180306434631,1.35756433010101,0.520169019699097,0.465733230113983,0.152073666453362,0.0926102101802826,1.83501124382019,"NorthernAfrica","1676198",6375,3.6,101.7,34457,"-10.2",5488.2,"0.9",67.1,32,"19.1","25.1","55.8","19.2","27.8/78.4",113,114,"4615","8876","-4261","-108","0.2",78.6,"1.1","2.4","74.4/68.8","28.2/6.6","771.1/12.3","472.5","24.3",5,"2.1","-99",".../...",".../...",".../...",16,"157.0","19.0",63,"0.1","57.0/9.1",1505,119,".../...","96.8/95.7","0.51",-99
"69","Turkey",69,5.5,5.59486496329308,5.40513503670692,1.19827437400818,1.33775317668915,0.637605607509613,0.300740599632263,0.0466930419206619,0.0996715798974037,1.87927794456482,"WesternAsia","783562",80745,104.9,97,717888,"4.0",9125.8,"8.6",26.4,65,"19.6","27.5","52.9","10.8","30.4/71.4",120,122,"142606","198602","-55996","-32278","1.6",73.4,"2.0","2.1","78.1/71.5","25.0/12.0","2964.9/3.8","3006.3","12.6",5.4,"1.7","4.8","102.1/102.8","101.1/103.8","88.3/101.0",14.9,"96.0","53.7",388,"15.1","346.0/4.5",1303,65,"100.0/100.0","98.3/85.5","0.30",-99
"70","Paraguay",70,5.49300003051758,5.57738126963377,5.40861879140139,0.932537317276001,1.50728487968445,0.579250693321228,0.473507791757584,0.224150657653809,0.091065913438797,1.6853334903717,"SouthAmerica","406752",6811,17.1,102.9,27714,"3.1",4174.4,"19.0",29.5,51.6,"19.6","19.5","61.0","5.5","58.3/84.7",160,166,"8494","9753","-1259","-462","1.3",59.7,"2.1","2.6","74.9/70.7","29.4/9.4","156.5/2.4","0.2","28.8",9.8,"1.3","5.0","104.3/107.6","79.1/74.2",".../...",13.8,"105.4","44.4",59,"39.4","5.7/0.9",325,38,"100.0/94.9","95.5/78.4","0.22",-99
"71","Hong Kong S.A.R., China",71,5.47200012207031,5.54959417313337,5.39440607100725,1.55167484283447,1.26279091835022,0.943062424659729,0.490968644618988,0.374465793371201,0.293933749198914,0.554633140563965,NA,NA,NA,NA,NA,NA,NA,NA,NA,NA,NA,NA,NA,NA,NA,NA,NA,NA,NA,NA,NA,NA,NA,NA,NA,NA,NA,NA,NA,NA,NA,NA,NA,NA,NA,NA,NA,NA,NA,NA,NA,NA,NA,NA,NA,NA,NA,NA,NA
"72","Philippines",72,5.42999982833862,5.54533505424857,5.31466460242867,0.85769921541214,1.25391757488251,0.468009054660797,0.585214674472809,0.193513423204422,0.0993318930268288,1.97260475158691,"South-easternAsia","300000",104918,351.9,101.3,292449,"5.9",2904.2,"10.5",31.3,58.2,"27.7","16.3","56.1","5.9","50.8/78.9",122,120,"56313","85909","-29596","7694","1.6",44.4,"1.3","3.0","72.1/65.4","31.7/7.6","211.9/0.2","240.2","22.2",4.7,"...","...","116.9/116.8","92.7/84.4","40.3/31.4",29.5,"118.1","40.7",783,"26.2","105.7/1.1",991,19,"93.7/90.3","77.9/70.8","0.15",-99
"73","Serbia",73,5.39499998092651,5.49156965613365,5.29843030571938,1.06931757926941,1.25818979740143,0.65078467130661,0.208715528249741,0.220125883817673,0.0409037806093693,1.94708442687988,"SouthernEurope","88499",8791,100.5,95.6,37160,"0.8",5238.6,"8.2",31.4,60.5,"19.4","24.5","56.1","15.5","43.4/59.9",102,102,"14852","19231","-4379","-1751","-0.4",55.6,"-0.3","1.6","77.5/71.8","16.5/24.5","807.4/9.1","254.1","9.8",10.4,"2.5","4.2","101.2/101.5","97.4/96.0","66.9/50.2",34.4,"120.5","65.3",71,"31.1","37.7/4.3",393,62,"99.4/98.9","98.2/94.2","0.90",-99
"74","Jordan",74,5.33599996566772,5.44841002240777,5.22358990892768,0.991012394428253,1.23908889293671,0.604590058326721,0.418421149253845,0.172170460224152,0.11980327218771,1.79117655754089,"WesternAsia","89318",9702,109.3,102.6,37517,"2.4",4940.1,"4.0",27.7,68.4,"2.0","17.8","80.2","13.4","14.5/64.5",134,135,"7509","19207","-11698","-3332","4.9",83.7,"3.8","3.6","75.5/72.2","35.5/5.7","3112.0/41.0","721.4","17.1",7.5,"2.6","-99","97.6/97.1","84.8/80.2","47.3/42.5",15.4,"179.4","53.4",113,"1.1","26.5/3.6",7,47,"97.8/92.3","98.6/98.9","5.80",-99
"75","Hungary",75,5.32399988174438,5.40303970918059,5.24496005430818,1.2860119342804,1.34313309192657,0.687763452529907,0.175863519310951,0.0784016624093056,0.0366369374096394,1.71645927429199,"EasternEurope","93024",9722,107.4,90.7,121715,"3.1",12350.6,"4.1",31.9,64,"4.3","29.8","65.9","4.5","46.6/62.4",99,99,"103071","92044","11027","3946","-0.3",71.2,"0.5","1.3","78.8/71.7","14.3/26.0","449.6/4.6","14.4","4.9",7.4,"3.3","4.7","101.3/101.9","105.3/105.1","56.7/45.3",10.1,"118.9","72.8",66,"22.8","42.1/4.3",423,97,"100.0/100.0","97.8/98.6","-99",-99
"76","Jamaica",76,5.31099987030029,5.58139872848988,5.04060101211071,0.925579309463501,1.36821806430817,0.641022384166718,0.474307239055634,0.233818337321281,0.0552677810192108,1.61232566833496,"Caribbean","10990",2890,266.9,99,14262,"1.0",5105.8,"7.1",22.3,70.5,"17.9","15.3","66.8","13.1","58.1/72.7",102,102,"1202","4767","-3565","-400","0.4",54.8,"0.9","2.1","77.9/73.1","22.7/13.6","23.2/0.8","~0.0","15.0",5.4,"...","5.5",".../...","85.1/79.2","34.6/20.1",17.5,"111.5","43.2",311,"31.0","7.4/2.7",8,37,"97.5/89.4","79.9/84.1","0.42",-99
"77","Croatia",77,5.29300022125244,5.39177720457315,5.19422323793173,1.22255623340607,0.96798300743103,0.701288521289825,0.255772292613983,0.248002976179123,0.0431031100451946,1.85449242591858,"SouthernEurope","56594",4189,74.9,93.1,48676,"1.6",11479.4,"4.1",26.6,69.3,"9.2","26.8","64.0","11.7","46.3/58.4",91,91,"13648","21830","-8182","2492","-0.4",59,"0.1","1.5","80.4/73.6","14.7/26.8","576.9/13.6","15.5","3.9",7.8,"3.1","4.6","98.1/97.8","100.6/95.9","79.8/58.8",19.9,"103.8","69.8",176,"34.3","16.8/4.0",182,79,"99.6/99.7","97.8/95.8","...",-99
"78","Kosovo",78,5.27899980545044,5.36484799548984,5.19315161541104,0.951484382152557,1.13785350322723,0.541452050209045,0.260287940502167,0.319931447505951,0.0574716180562973,2.01054072380066,NA,NA,NA,NA,NA,NA,NA,NA,NA,NA,NA,NA,NA,NA,NA,NA,NA,NA,NA,NA,NA,NA,NA,NA,NA,NA,NA,NA,NA,NA,NA,NA,NA,NA,NA,NA,NA,NA,NA,NA,NA,NA,NA,NA,NA,NA,NA,NA,NA
"79","China",79,5.27299976348877,5.31927808977663,5.2267214372009,1.08116579055786,1.16083741188049,0.741415500640869,0.472787708044052,0.0288068410009146,0.0227942746132612,1.76493859291077,"EasternAsia","9600000",1409517,150.1,106.3,11158457,"6.9",8109.1,"9.2",41.1,49.7,"27.0","23.9","49.1","4.6","63.0/77.7",132,133,"2118981","1588696","530285","330602","0.5",55.6,"3.0","1.6","77.2/74.2","17.7/16.2","978.0/0.1","301.7","11.6",5.5,"1.5","-99","104.3/104.0","95.6/93.2","47.3/39.9",23.7,"93.2","50.3",1080,"22.0","10291.9/7.5",101394,87,"97.5/93.0","86.6/63.7","0.00",-99
"80","Pakistan",80,5.26900005340576,5.35998364135623,5.17801646545529,0.72688353061676,0.672690689563751,0.402047783136368,0.23521526157856,0.315446019172668,0.124348066747189,2.79248929023743,"SouthernAsia","796095",197016,255.6,105.6,266458,"5.5",1410.4,"25.5",19,55.5,"42.1","19.8","38.1","5.9","24.8/82.5",135,138,"20534","46998","-26464","-1603","2.1",38.8,"2.8","3.7","66.8/65.0","34.8/6.7","3629.0/1.9","2739.4","69.8",2.6,"0.8","2.6","85.2/99.7","39.2/49.5","9.2/10.6",20.6,"66.9","18.0",140,"2.0","166.3/0.9",2202,17,"93.9/89.9","83.1/51.1","1.32",-99
"81","Indonesia",81,5.26200008392334,5.35288859814405,5.17111156970263,0.995538592338562,1.27444469928741,0.492345720529556,0.443323463201523,0.611704587936401,0.0153171354904771,1.42947697639465,"South-easternAsia","1910931",263991,145.7,101.4,861934,"4.8",3346.5,"14.0",41.3,44.7,"31.4","22.4","46.2","5.8","51.0/83.7",139,140,"144490","135653","8837","-17697","1.2",53.7,"2.7","2.4","70.7/66.6","27.4/8.6","328.8/0.1","13.8","25.0",2.8,"0.2","3.6","104.4/107.2","86.0/85.7","25.7/22.9",19.8,"132.4","22.0",1281,"50.6","464.2/1.8",19481,35,"94.2/79.5","72.3/47.5","0.00",-99
"82","Venezuela",82,5.25,5.3700319455564,5.1299680544436,1.12843120098114,1.43133759498596,0.617144227027893,0.153997123241425,0.0650196298956871,0.0644911229610443,1.78946375846863,NA,NA,NA,NA,NA,NA,NA,NA,NA,NA,NA,NA,NA,NA,NA,NA,NA,NA,NA,NA,NA,NA,NA,NA,NA,NA,NA,NA,NA,NA,NA,NA,NA,NA,NA,NA,NA,NA,NA,NA,NA,NA,NA,NA,NA,NA,NA,NA,NA
"83","Montenegro",83,5.23699998855591,5.34104444056749,5.13295553654432,1.12112903594971,1.23837649822235,0.667464673519135,0.194989055395126,0.197911024093628,0.0881741940975189,1.72919154167175,"SouthernEurope","13812",629,46.8,97.4,4020,"4.5",6424.1,"9.8",17.5,72.6,"7.5","17.3","75.2","17.4","41.8/55.9",66,66,"354","2263","-1908","-533","0.1",64,"0.3","1.7","78.8/74.0","18.1/21.3","82.5/13.2","16.0","4.1",6.4,"2.3","-99","93.3/95.2","90.3/90.4",".../...",23.5,"162.2","64.6",98,"61.5","2.2/3.5",29,64,"100.0/99.2","98.0/92.2","2.44",-99
"84","Morocco",84,5.2350001335144,5.31834096476436,5.15165930226445,0.878114581108093,0.774864435195923,0.59771066904068,0.408158332109451,0.0322099551558495,0.0877631828188896,2.45618939399719,"NorthernAfrica","446550",35740,80.1,98.1,100359,"4.4",2919.3,"13.7",28.9,57.4,"32.6","20.7","46.8","10.4","25.6/74.5",130,130,"22858","41696","-18838","-2161","1.4",60.2,"2.3","2.6","76.0/73.7","27.4/10.7","88.5/0.3","6.4","28.1",5.9,"0.6","...","111.6/117.7","63.5/74.4","27.5/28.7",20.5,"126.9","57.1",207,"12.6","59.9/1.7",78,23,"98.7/65.3","84.1/65.5","1.51",-99
"85","Azerbaijan",85,5.23400020599365,5.29928653523326,5.16871387675405,1.15360176563263,1.15240025520325,0.540775775909424,0.398155838251114,0.0452693402767181,0.180987507104874,1.76248168945312,"WesternAsia","86600",9828,118.9,99.3,53049,"0.7",5438.7,"6.7",49.9,43.4,"36.7","14.2","49.1","5.2","62.0/68.8",131,136,"9143","8532","611","-222","1.3",54.6,"1.6","2.1","74.6/68.6","23.3/10.1","264.2/2.7","623.3","31.4",6,"3.4","2.6","105.6/107.4","-99","27.5/23.6",16.8,"111.3","77.0",97,"13.5","37.5/3.9",2459,61,"94.7/77.8","91.6/86.6","0.14",-99
"86","Dominican Republic",86,5.23000001907349,5.34906088516116,5.11093915298581,1.07937383651733,1.40241670608521,0.574873745441437,0.55258983373642,0.186967849731445,0.113945253193378,1.31946516036987,"Caribbean","48671",10767,222.8,99.2,67103,"7.0",6373.6,"6.6",28,65.4,"13.1","16.9","70.0","14.4","52.3/78.6",136,138,"3747","22725","-18978","-1335","1.2",79,"2.6","2.5","76.4/70.2","29.3/10.2","415.6/3.9","1.3","25.1",4.4,"1.5","...","98.7/108.1","81.7/74.1","65.0/35.4",26.8,"82.6","51.9",184,"40.4","21.5/2.1",28,28,"85.4/81.9","86.2/75.7","0.43",-99
"87","Greece",87,5.22700023651123,5.3252461694181,5.12875430360436,1.28948748111725,1.23941457271576,0.810198903083801,0.0957312509417534,0,0.04328977689147,1.74922156333923,"SouthernEurope","131957",11160,86.6,96.9,194860,"-0.2",17788,"4.1",15.7,80.2,"12.9","15.0","72.1","23.0","44.1/60.1",86,87,"27811","47595","-19784","218","-0.4",78,"0.5","1.3","83.3/78.0","14.2/26.5","1242.5/11.3","94.7","3.3",8.1,"6.3","...","97.1/98.1","103.4/109.5","113.7/114.0",18.3,"114.0","66.8",374,"31.2","67.3/6.1",368,89,"100.0/100.0","99.2/98.1","-99",-99
"88","Lebanon",88,5.22499990463257,5.31888228848577,5.13111752077937,1.07498753070831,1.12962424755096,0.735081076622009,0.288515985012054,0.264450758695602,0.037513829767704,1.69507384300232,"WesternAsia","10452",6082,594.6,100.6,50149,"1.5",8571.4,"3.2",19.6,77.2,"8.2","22.4","69.4","7.0","23.8/70.6",95,95,"3402","20409","-17007","-8146","6.0",87.8,"3.2","1.7","80.9/77.3","23.1/12.0","1997.8/34.1","1054.2","9.2",6.4,"2.4","2.6","88.3/96.6","61.0/61.5","45.7/39.5",3.1,"87.1","74.0",87,"13.4","24.1/4.3",7,55,"99.0/99.0","80.7/80.7","2.04",-99
"89","Portugal",89,5.19500017166138,5.28504173308611,5.10495861023665,1.3151752948761,1.36704301834106,0.795843541622162,0.498465299606323,0.0951027125120163,0.0158694516867399,1.10768270492554,"SouthernEurope","92226",10330,112.8,89.8,199122,"1.6",19239.2,"2.3",22.3,75.4,"8.0","23.8","68.2","10.5","53.3/63.7",104,104,"55658","67580","-11922","842","-0.4",63.5,"1.0","1.3","83.5/77.3","13.6/27.9","837.3/8.1","1.8","2.9",9.5,"4.4","5.1","105.3/109.4","117.3/121.0","65.7/58.0",34.8,"110.4","68.6",281,"34.9","45.1/4.3",250,84,"100.0/100.0","99.6/99.8","-99",-99
"90","Bosnia and Herzegovina",90,5.18200016021729,5.27633568674326,5.08766463369131,0.982409417629242,1.0693359375,0.705186307430267,0.204403176903725,0.328867495059967,0,1.89217257499695,"SouthernEurope","51209",3507,68.8,96.4,16251,"3.1",4265,"7.3",26.5,66.2,"18.0","30.4","51.7","25.4","34.3/57.5",96,97,"5327","9130","-3803","-923","-1.0",39.8,"0.1","1.3","78.8/73.7","14.1/23.4","34.8/0.9","157.6","7.6",9.6,"1.9","-99","-99","-99","-99",21.4,"90.2","65.1",91,"42.7","22.2/5.8",252,85,"99.7/100.0","98.9/92.0","2.20",-99
"91","Honduras",91,5.18100023269653,5.30158279687166,5.0604176685214,0.730573117733002,1.14394497871399,0.582569479942322,0.348079860210419,0.236188873648643,0.0733454525470734,2.06581115722656,"CentralAmerica","112492",9265,82.8,99.4,20365,"3.6",2521.9,"13.0",25.1,61.9,"29.4","21.6","49.0","5.6","47.6/84.5",122,119,"3657","8448","-4791","-1291","1.8",54.7,"3.1","2.6","75.4/70.4","31.6/7.0","28.1/0.3","176.2","27.8",8.7,"...","5.9","110.1/111.3","77.0/64.8","25.4/18.8",25.8,"95.5","20.4",301,"42.1","9.5/1.2",105,28,"97.4/83.8","86.7/77.7","2.86",-99
"92","Macedonia",92,5.17500019073486,5.27217263966799,5.07782774180174,1.06457793712616,1.20789301395416,0.644948184490204,0.325905978679657,0.25376096367836,0.0602777935564518,1.6174693107605,NA,NA,NA,NA,NA,NA,NA,NA,NA,NA,NA,NA,NA,NA,NA,NA,NA,NA,NA,NA,NA,NA,NA,NA,NA,NA,NA,NA,NA,NA,NA,NA,NA,NA,NA,NA,NA,NA,NA,NA,NA,NA,NA,NA,NA,NA,NA,NA,NA
"93","Somalia",93,5.15100002288818,5.24248370990157,5.0595163358748,0.0226431842893362,0.721151351928711,0.113989137113094,0.602126955986023,0.291631311178207,0.282410323619843,3.11748456954956,"EasternAfrica","637657",14742,23.5,99.3,1559,"2.7",144.5,"60.2",7.4,32.5,"72.0","4.8","23.2","6.6","33.3/75.9",112,112,"925","530","394","-99","2.9",39.6,"4.1","6.6","56.5/53.3","46.4/4.4","25.3/0.2","1168.4","79.5",-99,"~0.0","-99",".../...",".../...","-99",24.2,"52.5","1.8",175,"10.3","0.6/0.1",129,12,"69.6/8.8","52.0/6.3","22.85",-99
"94","Vietnam",94,5.07399988174438,5.14728076457977,5.000718998909,0.788547575473785,1.27749133110046,0.652168989181519,0.571055591106415,0.234968051314354,0.0876332372426987,1.46231865882874,NA,NA,NA,NA,NA,NA,NA,NA,NA,NA,NA,NA,NA,NA,NA,NA,NA,NA,NA,NA,NA,NA,NA,NA,NA,NA,NA,NA,NA,NA,NA,NA,NA,NA,NA,NA,NA,NA,NA,NA,NA,NA,NA,NA,NA,NA,NA,NA,NA
"95","Nigeria",95,5.07399988174438,5.20950013548136,4.93849962800741,0.783756256103516,1.21577048301697,0.0569157302379608,0.394952565431595,0.230947196483612,0.0261215660721064,2.36539053916931,"WesternAfrica","923768",190886,209.6,102.7,494583,"2.7",2714.5,"20.9",20.4,58.8,"27.9","14.7","57.4","5.4","48.5/64.3",116,117,"104084","36533","67551","-15763","2.7",47.8,"4.7","5.7","52.6/51.2","44.0/4.5","1199.1/0.7","2437.5","76.3",3.7,"...","-99","92.8/94.5","53.5/57.8","8.3/11.8",5.6,"82.2","47.4",361,"8.1","96.3/0.6",10851,32,"80.8/57.3","32.8/25.4","0.52",-99
"96","Tajikistan",96,5.04099988937378,5.11142559587956,4.970574182868,0.524713635444641,1.27146327495575,0.529235124588013,0.471566706895828,0.248997643589973,0.146377146244049,1.84904932975769,"CentralAsia","142600",8921,63.7,100.9,7853,"4.2",925.9,"25.0",28,47.1,"57.2","13.4","29.4","10.8","59.6/77.9",155,172,"899","3030","-2132","-472","2.2",26.8,"2.6","3.5","73.5/67.7","35.3/5.8","275.1/3.2","21.8","38.9",6.9,"1.7","5.2","101.2/99.8","83.1/92.5","24.0/33.6",19,"98.6","19.0",45,"3.0","5.2/0.6",76,14,"93.1/66.7","93.8/95.5","4.55",-99
"97","Bhutan",97,5.01100015640259,5.07933456212282,4.94266575068235,0.885416388511658,1.34012651443481,0.495879292488098,0.501537680625916,0.474054545164108,0.173380389809608,1.14018440246582,"SouthernAsia","38394",808,21.2,113.1,2074,"5.2",2677.1,"17.2",43.9,38.8,"56.6","9.7","33.7","2.4","59.4/73.5",98,98,"616","1688","-1072","-579","1.6",38.6,"3.7","2.2","68.9/68.6","26.5/7.3","51.1/6.6","-99","30.5",3.6,"0.3","7.4","96.9/96.6","87.1/81.4","9.2/12.6",8.5,"87.1","39.8",71,"72.0","1.0/1.3",75,82,"100.0/100.0","77.9/33.1","5.26",-99
"98","Kyrgyzstan",98,5.00400018692017,5.08991990312934,4.91808047071099,0.596220076084137,1.39423859119415,0.553457796573639,0.454943388700485,0.42858037352562,0.0394391790032387,1.53672313690186,"CentralAsia","199949",6045,31.5,98.4,6572,"3.5",1106.4,"15.4",25.9,58.7,"29.2","21.0","49.8","7.7","49.7/77.5",108,110,"1423","3844","-2421","-721","1.6",35.7,"1.6","3.1","74.3/66.4","31.8/7.6","204.4/3.4","8.2","19.6",6.5,"1.9","5.5","106.8/107.9","92.8/91.4","53.3/40.8",19.2,"132.8","30.2",44,"3.4","9.6/1.7",80,27,"96.7/86.2","89.1/95.6","12.16",-99
"99","Nepal",99,4.96199989318848,5.06735607936978,4.85664370700717,0.479820191860199,1.17928326129913,0.504130780696869,0.440305948257446,0.394096165895462,0.0729755461215973,1.8912410736084,"SouthernAsia","147181",29305,204.4,94.3,20658,"2.7",724.5,"31.8",14.9,53.3,"72.6","10.9","16.5","3.0","79.7/86.7",139,139,"703","5249","-4547","2447","1.2",18.6,"3.2","2.3","70.4/67.4","30.9/8.8","518.3/1.8","30.7","32.8",5.8,"...","3.7","141.2/130.7","72.2/67.1","15.1/14.8",29.6,"96.8","17.6",104,"25.4","8.0/0.3",451,19,"90.9/91.8","56.0/43.5","5.73",-99
"100","Mongolia",100,4.95499992370605,5.0216795091331,4.88832033827901,1.02723586559296,1.4930112361908,0.557783484458923,0.394143968820572,0.338464230298996,0.0329022891819477,1.11129236221313,"EasternAsia","1564116",3076,2,97.9,11758,"2.3",3973.4,"14.8",34.1,51.1,"28.4","20.7","51.0","6.3","56.8/69.3",147,149,"4917","3358","1559","-948","1.9",72,"2.8","2.8","72.7/64.5","29.7/6.6","17.6/0.6","~0.0","22.8",4.7,"2.9","4.6","100.0/101.8","92.4/90.5","79.7/57.7",17.1,"105.0","21.4",41,"8.1","20.8/7.2",677,84,"66.4/59.2","66.4/42.6","2.21",-99
"101","South Africa",101,4.8289999961853,4.92943518772721,4.72856480464339,1.05469870567322,1.38478863239288,0.187080070376396,0.479246735572815,0.139362379908562,0.0725094974040985,1.51090860366821,"SouthernAfrica","1221037",56717,46.8,96.4,314571,"1.3",5773,"2.4",28.9,68.7,"6.1","26.2","67.7","26.0","46.4/61.1",125,126,"74111","74744","-633","-13644","1.4",64.8,"1.6","2.6","63.0/56.1","29.0/8.4","3142.5/5.8","1201.9","36.5",8.8,"0.8","6.0","97.3/102.2","111.5/88.0","23.3/15.7",42.2,"159.3","51.9",581,"7.6","489.8/9.1",7102,122,"99.6/81.4","69.6/60.5","0.47",-99
"102","Tunisia",102,4.80499982833862,4.88436700701714,4.72563264966011,1.00726580619812,0.868351459503174,0.613212049007416,0.289680689573288,0.0496933571994305,0.0867231488227844,1.89025115966797,"NorthernAfrica","163610",11532,74.2,97.6,41199,"0.8",3660.9,"10.3",27.8,62,"11.7","29.4","58.9","14.6","25.1/71.3",108,108,"13483","19456","-5973","-3850","1.2",66.8,"1.4","2.3","77.1/73.0","24.0/12.3","56.7/0.5","0.7","18.5",7,"1.6","6.3","112.5/115.8","94.2/90.0","43.3/26.2",31.3,"129.9","48.5",96,"6.6","28.8/2.6",274,39,"100.0/93.2","97.4/79.8","1.14",-99
"103","Palestinian Territories",103,4.77500009536743,4.88184834256768,4.66815184816718,0.716249227523804,1.15564715862274,0.565666973590851,0.25471106171608,0.114173173904419,0.0892826020717621,1.8788902759552,NA,NA,NA,NA,NA,NA,NA,NA,NA,NA,NA,NA,NA,NA,NA,NA,NA,NA,NA,NA,NA,NA,NA,NA,NA,NA,NA,NA,NA,NA,NA,NA,NA,NA,NA,NA,NA,NA,NA,NA,NA,NA,NA,NA,NA,NA,NA,NA,NA
"104","Egypt",104,4.7350001335144,4.82513378962874,4.64486647740006,0.989701807498932,0.997471392154694,0.520187258720398,0.282110154628754,0.128631442785263,0.114381365478039,1.70216107368469,"NorthernAfrica","1002000",97553,98,102.3,315917,"4.2",3452.3,"11.2",36.3,52.5,"25.4","25.3","49.3","11.5","23.1/76.2",120,122,"22507","58053","-35545","-16786","2.2",43.1,"1.7","3.4","73.0/68.7","33.5/7.9","491.6/0.5","256.5","18.9",5.6,"0.8","...","103.8/104.1","85.9/86.3","35.6/36.9",14.9,"111.0","35.9",156,"0.1","201.9/2.2",3509,36,"100.0/99.0","96.8/93.1","0.78",-99
"105","Bulgaria",105,4.71400022506714,4.80369470641017,4.62430574372411,1.1614590883255,1.43437945842743,0.708217680454254,0.289231717586517,0.113177694380283,0.0110515309497714,0.996139287948608,"EasternEurope","111002",7085,65.3,94.6,48953,"3.0",6846.8,"5.1",27.6,67.2,"6.5","29.4","64.1","8.1","48.5/60.1",117,119,"26088","28875","-2787","196","-0.6",73.9,"-0.3","1.5","77.8/70.8","14.2/27.7","102.1/1.4","33.7","8.3",8.4,"4.0","4.1","96.7/97.7","97.4/100.5","82.9/65.4",19.2,"129.3","56.7",104,"35.1","42.4/5.9",474,103,"99.6/99.0","86.8/83.7","-99",-99
"106","Sierra Leone",106,4.70900011062622,4.85064333498478,4.56735688626766,0.36842092871666,0.984136044979095,0.00556475389748812,0.318697690963745,0.293040901422501,0.0710951760411263,2.66845989227295,"WesternAfrica","72300",7557,104.7,98.1,4483,"-20.3",694.8,"51.4",17.6,31.1,"68.0","6.5","25.5","3.1","65.1/68.8",168,168,"466","958","-492","-1317","2.3",39.9,"2.7","4.8","50.7/49.6","42.1/4.2","91.2/1.4","0.8","94.4",11.1,"...","2.7","128.2/127.0","40.1/46.5",".../...",12.4,"89.5","2.5",177,"41.3","1.3/0.2",53,11,"84.9/47.8","22.8/6.9","21.56",-99
"107","Cameroon",107,4.69500017166138,4.79654085725546,4.5934594860673,0.564305365085602,0.946018218994141,0.132892116904259,0.430388748645782,0.236298456788063,0.0513066314160824,2.3336455821991,"MiddleAfrica","475650",24054,50.9,100.2,28416,"5.8",1217.3,"22.7",28.3,49.1,"61.8","8.7","29.5","4.6","71.1/81.2",155,160,"2130","4899","-2768","-1173","2.7",54.4,"3.6","5.0","57.7/55.1","42.7/4.8","382.0/1.6","544.9","67.5",4.1,"...","3.0","110.7/123.5","53.5/62.6","15.2/19.7",31.1,"71.8","20.7",775,"40.3","7.0/0.3",408,14,"94.8/52.7","61.8/26.8","2.31",-99
"108","Iran",108,4.69199991226196,4.79822470769286,4.58577511683106,1.15687310695648,0.711551249027252,0.639333188533783,0.249322608113289,0.387242913246155,0.048761073499918,1.49873495101929,NA,NA,NA,NA,NA,NA,NA,NA,NA,NA,NA,NA,NA,NA,NA,NA,NA,NA,NA,NA,NA,NA,NA,NA,NA,NA,NA,NA,NA,NA,NA,NA,NA,NA,NA,NA,NA,NA,NA,NA,NA,NA,NA,NA,NA,NA,NA,NA,NA
"109","Albania",109,4.64400005340576,4.75246400639415,4.53553610041738,0.996192753314972,0.803685247898102,0.731159746646881,0.381498634815216,0.201312944293022,0.0398642159998417,1.49044156074524,"SouthernEurope","28748",2930,106.9,101.9,11541,"2.6",3984.2,"22.4",26,51.7,"41.4","18.3","40.3","15.8","40.2/61.0",134,134,"1962","4669","-2707","-1222","-0.1",57.4,"2.2","1.7","79.9/75.6","17.4/19.0","57.6/2.0","8.8","14.6",5.9,"1.3","3.5","111.7/115.5","92.5/98.8","68.1/48.7",22.9,"106.4","63.3",130,"28.2","5.7/2.0",84,36,"94.9/95.2","95.5/90.2","2.96",-99
"110","Bangladesh",110,4.60799980163574,4.68982165828347,4.52617794498801,0.586682975292206,0.735131740570068,0.533241033554077,0.478356659412384,0.172255352139473,0.123717859387398,1.97873616218567,"SouthernAsia","147570",164670,1265,101.7,194466,"6.6",1207.9,"15.5",28.1,56.3,"40.6","19.1","40.3","4.0","43.2/81.1",141,140,"36031","52624","-16593","2687","1.2",34.3,"3.6","2.2","72.9/69.8","28.4/7.3","1422.8/0.9","233.0","33.3",2.8,"0.4","1.9","125.1/116.0","67.4/59.8","11.4/15.4",20.3,"83.4","14.4",151,"11.0","73.2/0.5",1438,11,"86.5/87.0","57.7/62.1","1.24",-99
"111","Namibia",111,4.57399988174438,4.77035474091768,4.37764502257109,0.964434325695038,1.0984708070755,0.33861181139946,0.520303547382355,0.0771337449550629,0.0931469723582268,1.4818902015686,"SouthernAfrica","824116",2534,3.1,94.7,11491,"5.3",4673.6,"6.6",30.6,62.8,"29.1","14.6","56.3","24.9","56.4/64.3",88,89,"4816","6721","-1905","-1700","2.2",46.7,"4.2","3.6","64.3/59.1","36.7/5.5","93.9/3.8","4.8","36.4",-99,"...","...","109.5/113.3",".../...",".../...",41.3,"102.1","22.3",115,"8.5","3.8/1.6",19,31,"98.2/84.6","54.5/16.8","1.24",-99
"112","Kenya",112,4.55299997329712,4.65569159060717,4.45030835598707,0.560479462146759,1.06795072555542,0.309988349676132,0.452763766050339,0.444860309362411,0.0646413192152977,1.6519021987915,"EasternAfrica","591958",49700,87.3,98.8,63399,"5.6",1376.7,"32.0",19,49,"61.9","8.6","29.5","10.8","62.4/72.4",126,126,"5688","14109","-8420","-6339","2.7",25.6,"4.3","4.1","67.8/63.0","40.5/4.3","1084.4/2.4","582.4","39.4",5.7,"0.2","5.3","108.7/109.3",".../...",".../...",19.4,"80.7","45.6",480,"7.7","14.3/0.3",750,20,"81.6/56.8","31.2/29.7","3.93",-99
"113","Mozambique",113,4.55000019073486,4.77410232633352,4.3258980551362,0.234305649995804,0.870701014995575,0.106654435396194,0.480791091918945,0.322228103876114,0.179436385631561,2.35565090179443,"EasternAfrica","799380",29669,37.7,95.5,14806,"6.6",529.2,"24.6",21,54.4,"75.0","4.1","21.0","24.1","82.2/75.6",137,137,"3352","5295","-1943","-5833","2.9",32.2,"3.3","5.4","58.1/54.0","44.8/4.8","222.9/0.8","24.0","67.3",7,"0.1","6.5","101.2/110.4","31.1/33.8","5.4/7.4",39.6,"74.2","9.0",309,"48.5","8.4/0.3",779,20,"80.6/37.0","42.4/10.1","12.54",-99
"114","Myanmar",114,4.54500007629395,4.61473994642496,4.47526020616293,0.367110550403595,1.12323594093323,0.397522568702698,0.514492034912109,0.838075160980225,0.188816204667091,1.11529040336609,"South-easternAsia","676577",53371,81.7,95.5,62601,"7.3",1161.5,"26.7",34.5,38.7,"23.6","14.6","61.7","0.8","74.7/80.8",130,128,"11673","15696","-4023","-3921","0.9",34.1,"2.5","2.3","68.3/63.7","26.8/9.4","73.3/0.1","1392.1","45.0",2.3,"0.6","-99","98.3/101.0","52.0/50.6","14.9/12.1",10.2,"76.7","21.8",321,"45.3","21.6/0.4",1078,15,"92.7/74.4","84.3/77.1","2.23",-99
"115","Senegal",115,4.53499984741211,4.6016037812829,4.46839591354132,0.479309022426605,1.17969191074371,0.409362852573395,0.377922266721725,0.183468893170357,0.115460447967052,1.78964614868164,"WesternAfrica","196712",15851,82.3,96.6,13633,"6.5",901.1,"15.5",24.1,60.4,"51.4","20.7","27.9","9.3","45.3/70.5",126,127,"2640","5478","-2838","-1348","3.0",43.7,"3.6","5.0","67.5/63.8","42.9/4.7","263.2/1.7","17.6","43.9",4.7,"...","7.4","86.9/77.6","49.1/50.2","7.8/12.9",42.7,"100.0","21.7",123,"43.2","8.9/0.6",77,11,"92.9/67.3","65.4/33.8","6.49",-99
"116","Zambia",116,4.51399993896484,4.64410550147295,4.38389437645674,0.636406779289246,1.00318729877472,0.257835894823074,0.461603492498398,0.249580144882202,0.0782135501503944,1.82670545578003,"EasternAfrica","752612",17094,23,98.5,21255,"2.9",1311.1,"8.2",32.3,59.5,"54.8","9.9","35.3","7.4","69.9/80.9",179,180,"6505","7442","-937","-768","3.0",40.9,"4.3","5.2","61.9/57.5","44.8/3.7","127.9/0.8","55.3","53.8",5,"0.2","...","104.0/103.3","-99","3.4/4.5",18,"74.5","21.0",88,"65.6","4.5/0.3",374,26,"85.6/51.3","55.6/35.7","3.96",-99
"117","Iraq",117,4.49700021743774,4.62259140968323,4.37140902519226,1.10271048545837,0.978613197803497,0.501180469989777,0.288555532693863,0.19963726401329,0.107215754687786,1.31890726089478,"WesternAsia","435052",38275,88.1,102.5,164234,"-2.4",4509,"4.6",58,37.4,"20.4","21.0","58.6","16.1","15.3/69.9",123,123,"27341","45831","-18490","4121","3.2",69.5,"3.0","4.6","71.4/67.0","40.4/5.0","353.9/1.0","4736.2","32.1",5.5,"0.9","-99",".../...",".../...",".../...",25.3,"93.8","17.2",72,"1.9","168.4/4.8",6744,58,"93.8/70.1","86.4/83.8","0.88",-99
"118","Gabon",118,4.46500015258789,4.5573617656529,4.37263853952289,1.1982102394104,1.1556202173233,0.356578588485718,0.312328577041626,0.0437853783369064,0.0760467872023582,1.32291626930237,"MiddleAfrica","267668",2025,7.9,105.6,13735,"3.9",7960.7,"3.8",54.5,41.7,"16.2","19.1","64.8","18.1","40.7/58.3",97,92,"2851","2930","-79","...","3.3",87.2,"2.7","4.0","65.8/63.1","35.9/6.4","268.4/15.6","2.9","40.8",3.4,"...","2.7","139.9/144.0","-99",".../...",17.1,"168.9","23.5",270,"88.5","5.2/3.1",559,64,"97.2/66.7","43.4/31.5","0.73",-99
"119","Ethiopia",119,4.46000003814697,4.54272867664695,4.377271399647,0.339233845472336,0.86466920375824,0.353409707546234,0.408842742443085,0.312650740146637,0.165455713868141,2.01574373245239,"EasternAfrica","1104300",104957,105,99.7,59917,"9.6",602.8,"40.5",16,43.5,"70.5","8.4","21.1","5.7","77.1/89.1",158,157,"1724","19121","-17397","...","2.6",19.5,"4.9","4.6","65.5/61.9","40.6/5.3","1072.9/1.1","745.7","45.8",4.9,"...","4.5","97.2/106.9","34.4/35.9","5.3/10.9",38.8,"42.8","11.6",148,"12.5","11.6/0.1",1308,15,"93.1/48.6","27.2/28.2","5.28",-99
"120","Sri Lanka",120,4.44000005722046,4.55344719231129,4.32655292212963,1.00985014438629,1.25997638702393,0.625130832195282,0.561213254928589,0.490863561630249,0.0736539661884308,0.419389247894287,"SouthernAsia","65610",20877,332.9,92.5,82316,"4.8",3973.7,"8.7",30.7,60.6,"27.4","25.9","46.6","5.2","30.4/75.0",120,122,"10546","19501","-8955","-2009","0.5",18.4,"0.8","2.1","78.0/71.2","24.0/14.9","38.7/0.2","44.2","8.2",3.5,"...","2.2","100.6/102.7","102.0/97.5","24.0/15.6",5.8,"112.8","30.0",587,"33.1","18.4/0.9",179,20,"98.5/95.0","88.1/96.7","0.53",-99
"121","Armenia",121,4.37599992752075,4.46673461228609,4.28526524275541,0.900596737861633,1.00748372077942,0.637524425983429,0.198303267359734,0.0834880918264389,0.0266744215041399,1.5214991569519,"WesternAsia","29743",2930,102.9,88.8,10529,"3.0",3489.1,"19.0",28.3,52.8,"35.0","15.7","49.3","16.6","55.3/74.2",135,135,"1776","3230","-1455","-279","0.3",62.7,"-0.1","1.6","77.0/70.6","20.0/16.9","191.2/6.3","19.3","13.2",4.5,"2.8","2.8","98.5/98.5","89.0/88.1","46.9/41.6",9.9,"115.2","58.2",114,"11.7","5.5/1.8",48,46,"100.0/100.0","96.2/78.2","3.17",-99
"122","India",122,4.31500005722046,4.37152201749384,4.25847809694707,0.792221248149872,0.754372596740723,0.455427616834641,0.469987004995346,0.231538489460945,0.0922268852591515,1.5191171169281,"SouthernAsia","3287263",1339180,450.4,107.6,2116239,"7.6",1614.2,"17.0",29.7,53.2,"44.3","24.5","31.2","3.4","27.0/79.1",143,142,"260327","356705","-96378","-22457","1.2",32.7,"2.4","2.4","69.1/66.2","27.8/9.4","5241.0/0.4","211.1","41.3",4.7,"0.7","3.8","115.1/102.8","74.5/73.5","26.7/27.0",11.8,"78.8","26.0",1052,"23.7","2238.4/1.7",23103,27,"97.1/92.6","62.6/28.5","0.16",-99
"123","Mauritania",123,4.29199981689453,4.37716361626983,4.20683601751924,0.648457288742065,1.2720308303833,0.285349279642105,0.0960980430245399,0.201870024204254,0.136957004666328,1.65163731575012,"WesternAfrica","1030700",4420,4.3,101.6,5023,"1.2",1235,"20.9",41.7,37.4,"40.3","9.5","50.2","12.0","29.3/65.5",125,125,"1623","2174","-551","-1066","2.9",59.9,"3.5","4.9","64.1/61.2","39.9/5.0","138.2/3.4","69.0","68.0",3.8,"...","2.9","105.0/100.0","29.5/31.7","3.6/7.1",25.2,"89.3","15.2",86,"0.2","2.7/0.7",31,13,"58.4/57.1","57.5/13.8","5.02",-99
"124","Congo (Brazzaville)",124,4.29099988937378,4.41005350500345,4.17194627374411,0.808964252471924,0.832044363021851,0.28995743393898,0.435025870800018,0.120852127671242,0.0796181336045265,1.72413563728333,NA,NA,NA,NA,NA,NA,NA,NA,NA,NA,NA,NA,NA,NA,NA,NA,NA,NA,NA,NA,NA,NA,NA,NA,NA,NA,NA,NA,NA,NA,NA,NA,NA,NA,NA,NA,NA,NA,NA,NA,NA,NA,NA,NA,NA,NA,NA,NA,NA
"125","Georgia",125,4.28599977493286,4.37493396580219,4.19706558406353,0.950612664222717,0.57061493396759,0.649546980857849,0.309410035610199,0.0540088154375553,0.251666635274887,1.50013780593872,"WesternAsia","69700",3912,56.3,91.4,13965,"2.8",3491.4,"9.0",24.1,66.9,"44.7","11.2","44.1","11.4","57.9/79.0",85,86,"2114","7236","-5122","-1775","-1.4",53.6,"-0.1","2.0","77.0/68.5","19.2/20.8","168.8/4.2","274.1","11.2",7.4,"4.8","2.0","118.2/115.5","103.8/103.6","47.8/39.2",16,"129.0","45.2",120,"40.6","9.0/2.2",61,47,"100.0/100.0","95.2/75.9","3.30",-99
"126","Congo (Kinshasa)",126,4.28000020980835,4.35781083270907,4.20218958690763,0.0921023488044739,1.22902345657349,0.191407024860382,0.235961347818375,0.246455833315849,0.0602413564920425,2.22495865821838,NA,NA,NA,NA,NA,NA,NA,NA,NA,NA,NA,NA,NA,NA,NA,NA,NA,NA,NA,NA,NA,NA,NA,NA,NA,NA,NA,NA,NA,NA,NA,NA,NA,NA,NA,NA,NA,NA,NA,NA,NA,NA,NA,NA,NA,NA,NA,NA,NA
"127","Mali",127,4.19000005722046,4.26967071101069,4.11032940343022,0.476180493831635,1.28147339820862,0.169365674257278,0.306613743305206,0.183354198932648,0.104970246553421,1.66819095611572,"WesternAfrica","1240192",18542,15.2,100.2,13100,"7.6",744.3,"39.9",19.6,40.5,"56.7","14.7","28.6","8.1","50.5/82.3",154,157,"3030","2510","520","-676","2.9",39.9,"5.1","6.4","56.9/55.6","47.7/4.0","363.1/2.1","90.8","78.5",7,"...","3.7","72.1/79.3","36.8/45.6","4.1/9.6",8.8,"139.6","10.3",42,"3.9","1.4/0.1",55,4,"96.5/64.1","37.5/16.1","9.45",-99
"128","Ivory Coast",128,4.17999982833862,4.27518256321549,4.08481709346175,0.603048920631409,0.904780030250549,0.0486421696841717,0.447706192731857,0.201237469911575,0.130061775445938,1.84496426582336,NA,NA,NA,NA,NA,NA,NA,NA,NA,NA,NA,NA,NA,NA,NA,NA,NA,NA,NA,NA,NA,NA,NA,NA,NA,NA,NA,NA,NA,NA,NA,NA,NA,NA,NA,NA,NA,NA,NA,NA,NA,NA,NA,NA,NA,NA,NA,NA,NA
"129","Cambodia",129,4.16800022125244,4.27851781353354,4.05748262897134,0.601765096187592,1.00623834133148,0.429783403873444,0.633375823497772,0.385922968387604,0.0681059509515762,1.04294109344482,"South-easternAsia","181035",16005,90.7,95.3,18050,"7.0",1158.7,"28.2",29.4,42.3,"42.4","19.6","38.0","0.3","75.6/87.0",175,177,"13204","15313","-2109","-1657","1.6",20.7,"2.6","2.7","69.6/65.5","31.3/7.1","74.0/0.5","0.3","29.9",5.7,"0.2","1.9","116.2/117.1",".../...","11.8/14.3",20.3,"133.0","19.0",255,"54.3","6.7/0.4",178,17,"100.0/69.1","88.1/30.5","3.97",-99
"130","Sudan",130,4.13899993896484,4.34574716508389,3.9322527128458,0.65951669216156,1.21400856971741,0.290920823812485,0.0149958552792668,0.182317450642586,0.089847519993782,1.68706583976746,"NorthernAfrica","-99",40533,23,99.9,79546,"4.9",1977,"32.4",20.1,47.6,"32.9","20.4","46.7","13.4","24.4/72.2",-99,-99,"1797","7658","-5861","-5933","2.3",33.8,"2.5","4.8","65.1/62.1","40.8/5.5","503.5/1.3","3619.6","48.7",8.4,"3.1","...","66.6/74.1","41.5/43.9","16.8/15.8",30.5,"70.5","26.6",133,"-99","15.4/0.4",682,16,"-99","-99","1.09",-99
"131","Ghana",131,4.11999988555908,4.22270720854402,4.01729256257415,0.667224824428558,0.873664736747742,0.295637726783752,0.423026293516159,0.256923943758011,0.0253363698720932,1.57786750793457,"WesternAfrica","238537",28834,126.7,99.3,37156,"3.9",1355.6,"19.0",26.9,54.1,"41.9","14.2","43.8","5.9","75.7/78.8",144,144,"7221","11939","-4718","-2809","2.4",54,"3.4","4.2","62.6/60.7","38.5/5.3","399.5/1.5","27.3","46.5",3.6,"...","6.2","108.7/107.3","61.1/63.1","13.2/19.1",12.7,"129.7","23.5",238,"40.9","14.5/0.6",410,14,"92.6/84.0","20.2/8.6","4.81",-99
"132","Ukraine",132,4.09600019454956,4.18541010454297,4.00659028455615,0.89465194940567,1.39453756809235,0.575903952121735,0.122974775731564,0.270061463117599,0.0230294708162546,0.814382314682007,"EasternEurope","603500",44223,76.3,86,90615,"-9.9",2021.6,"14.0",26.3,59.7,"15.7","24.6","59.7","8.8","52.3/67.5",137,137,"36369","39184","-2815","-189","-0.5",69.7,"-0.3","1.5","76.0/66.1","15.5/23.2","4834.9/10.8","1644.8","8.8",7.1,"3.0","5.9","105.1/102.8","98.2/100.2","88.4/76.5",12.3,"144.0","49.3",102,"16.6","227.3/5.1",3203,98,"95.5/97.8","97.4/92.6","1.63",-99
"133","Uganda",133,4.08099985122681,4.19579996705055,3.96619973540306,0.381430715322495,1.12982773780823,0.217632606625557,0.443185955286026,0.325766056776047,0.057069718837738,1.526362657547,"EasternAfrica","241550",42863,214.5,99,25282,"5.4",647.7,"25.6",21.5,52.9,"72.0","7.4","20.5","2.4","82.3/87.7",93,90,"2755","3750","-996","-2353","3.4",16.1,"5.4","5.9","60.7/56.5","47.7/3.3","749.5/1.9","727.1","60.2",7.2,"...","2.2","110.9/108.9","22.1/24.3","4.2/5.4",34.3,"50.4","19.2",196,"11.0","5.2/0.1",409,12,"95.5/75.8","28.5/17.3","6.35",-99
"134","Burkina Faso",134,4.03200006484985,4.12405906438828,3.93994106531143,0.3502277135849,1.04328000545502,0.215844258666039,0.324367851018906,0.250864684581757,0.120328105986118,1.72721290588379,"WesternAfrica","272967",19193,70.2,99.5,11065,"4.1",611.1,"34.5",21.8,43.7,"80.0","4.9","15.1","2.9","76.5/90.5",131,134,"2019","3699","-1680","-998","3.0",29.9,"5.9","5.6","59.3/58.0","45.2/3.9","704.7/3.9","32.7","64.8",5,"~0.0","4.1","86.1/89.9","32.2/35.1","3.8/7.3",11,"80.6","11.4",31,"19.8","2.8/0.1",123,9,"97.5/75.8","50.4/6.7","9.11",-99
"135","Niger",135,4.02799987792969,4.11194681972265,3.94405293613672,0.161925330758095,0.993025004863739,0.26850500702858,0.36365869641304,0.228673845529556,0.138572946190834,1.87398338317871,"WesternAfrica","1267000",21477,17,100.6,7143,"3.6",359,"39.6",19.1,41.3,"62.3","14.4","23.3","2.7","40.4/89.2",148,148,"927","1861","-933","-1150","3.8",18.7,"5.1","7.4","59.5/57.6","50.2/4.2","189.3/1.0","312.5","65.8",6,"...","6.7","66.8/77.9","17.2/24.2","0.9/2.6",17,"46.5","2.2",34,"0.9","2.1/0.1",101,5,"100.0/48.6","37.9/4.6","12.26",-99
"136","Malawi",136,3.97000002861023,4.07747881740332,3.86252123981714,0.233442038297653,0.512568831443787,0.315089583396912,0.466914653778076,0.287170469760895,0.0727116540074348,2.08178615570068,"EasternAfrica","118484",18622,197.5,98.2,6420,"3.0",372.9,"26.1",16.6,57.3,"69.9","4.8","25.4","6.8","81.3/81.0",149,150,"875","1649","-774","-710","2.9",16.3,"3.8","4.9","63.1/58.2","44.0/4.3","215.2/1.2","25.7","66.5",11.4,"...","5.6","147.0/144.0","41.0/45.8","0.6/1.0",16.7,"35.3","9.3",176,"33.6","1.3/0.1",89,6,"95.7/89.1","47.3/39.8","16.53",-99
"137","Chad",137,3.93600010871887,4.0347115239501,3.83728869348764,0.438012987375259,0.953855872154236,0.0411347150802612,0.16234202682972,0.216113850474358,0.0535818822681904,2.07123804092407,"MiddleAfrica","1284000",14900,11.8,100.2,10009,"6.6",713,"25.4",39,35.6,"76.6","2.0","21.4","5.8","64.0/79.3",146,151,"1990","1371","619","-99","3.3",22.5,"3.4","6.3","52.8/50.5","47.1/4.0","517.0/3.7","512.3","91.2",3.6,"~0.0","2.8","88.0/114.6","14.0/30.7","1.1/5.7",12.8,"40.2","2.7",43,"4.0","0.7/~0.0",288,6,"71.8/44.8","31.4/6.5","5.74",-99
"138","Zimbabwe",138,3.875,3.97869964271784,3.77130035728216,0.375846534967422,1.08309590816498,0.196763753890991,0.336384207010269,0.189143493771553,0.0953753814101219,1.59797024726868,"EasternAfrica","390757",16530,42.7,95,13893,"1.1",890.4,"13.0",30.5,56.5,"67.5","7.3","25.2","5.0","78.0/87.5",99,98,"2832","5212","-2379","-1521","2.3",32.4,"2.3","4.0","59.0/56.1","41.2/4.2","398.9/2.6","308.6","46.5",6,"0.1","8.4","99.1/100.8","47.1/48.1","8.0/8.9",32.6,"84.8","16.4",89,"37.2","12.0/0.8",482,30,"97.0/67.3","49.3/30.8","6.00",-99
"139","Lesotho",139,3.80800008773804,4.04434397548437,3.5716561999917,0.521021246910095,1.19009518623352,0,0.390661299228668,0.157497271895409,0.119094640016556,1.42983531951904,"SouthernAfrica","30355",2233,73.6,94.4,2008,"2.8",940.6,"7.7",31.3,61,"39.7","20.0","40.3","27.5","59.7/74.6",101,100,"648","1727","-1079","-168","1.3",27.3,"3.0","3.3","54.7/50.1","35.4/6.7","6.6/0.3","~0.0","59.8",10.6,"...","...","104.0/107.0","62.0/45.7","11.7/8.0",25,"105.5","16.1",18,"1.6","2.5/1.2",31,28,"94.6/77.0","37.3/27.6","4.11",-99
"140","Angola",140,3.79500007629395,3.95164193540812,3.63835821717978,0.858428180217743,1.10441195964813,0.0498686656355858,0,0.097926490008831,0.0697203353047371,1.61448240280151,"MiddleAfrica","1246700",29784,23.9,96.2,117955,"3.0",4714.1,"6.8",51.2,42,"4.2","37.6","58.2","6.6","59.8/77.1",175,176,"21011","8790","12221","-10273","3.5",44.1,"5.0","6.0","63.0/57.4","46.8/4.0","106.8/0.4","45.7","65.4",3.3,"...","...","100.4/156.9","22.7/35.1","8.2/10.4",38.2,"60.8","12.4",146,"46.5","34.8/1.4",3902,25,"75.4/28.2","88.6/22.5","0.42",-99
"141","Afghanistan",141,3.79399991035461,3.87366141527891,3.71433840543032,0.401477217674255,0.581543326377869,0.180746778845787,0.106179520487785,0.311870932579041,0.0611578300595284,2.15080118179321,"SouthernAsia","652864",35530,54.4,106.3,20270,"-2.4",623.2,"23.3",23.3,53.3,"61.6","10.0","28.5","8.6","19.3/83.6",125,125,"1458","3568","-2110","-5121","3.2",26.7,"4.0","5.3","63.5/61.0","43.2/4.1","382.4/1.2","1513.1","68.6",8.2,"0.3","3.3","91.1/131.6","39.7/70.7","3.7/13.3",27.7,"61.6","8.3",42,"2.1","9.8/0.3",63,5,"78.2/47.0","45.1/27.0","21.43",-99
"142","Botswana",142,3.76600003242493,3.87412266626954,3.65787739858031,1.12209415435791,1.22155499458313,0.341755509376526,0.505196332931519,0.0993484482169151,0.0985831990838051,0.3779137134552,"SouthernAfrica","582000",2292,4,97.7,14391,"-0.3",6360.6,"2.4",33.4,64.2,"25.7","14.9","59.4","18.6","73.6/81.6",110,110,"7321","6103","1218","1120","1.8",57.4,"1.3","2.9","66.1/59.8","31.4/6.4","160.6/7.1","2.8","35.2",5.4,"0.4","...","105.8/109.4",".../...","27.7/19.2",9.5,"169.0","27.5",28,"19.3","7.0/3.2",47,44,"99.2/92.3","78.5/43.1","0.46",-99
"143","Benin",143,3.65700006484985,3.74578355133533,3.56821657836437,0.431085407733917,0.435299843549728,0.209930211305618,0.425962775945663,0.207948461174965,0.0609290152788162,1.88563096523285,"WesternAfrica","114763",11176,99.1,99.5,8476,"5.2",779.1,"23.2",24.9,51.9,"43.2","10.2","46.6","1.0","70.0/73.4",152,158,"410","2630","-2220","-885","2.8",44,"3.7","5.2","61.4/58.5","42.7/5.0","245.4/2.3","0.8","67.7",4.6,"0.1","4.4","123.7/134.2","46.8/66.7","8.4/22.4",7.2,"85.6","6.8",88,"38.7","6.3/0.6",96,17,"85.2/72.1","35.6/7.3","5.09",-99
"144","Madagascar",144,3.64400005340576,3.71431910589337,3.57368100091815,0.305808693170547,0.913020372390747,0.375223308801651,0.189196765422821,0.208732530474663,0.0672319754958153,1.58461260795593,"EasternAfrica","587295",25571,44,99.5,9739,"3.1",401.8,"24.9",18.4,56.7,"74.2","9.4","16.5","2.3","83.8/89.0",119,120,"2256","2965","-709","-622","2.7",35.1,"4.7","4.4","66.0/63.0","41.0/4.8","32.1/0.1","0.1","36.8",3,"0.1","2.1","148.9/148.9","38.1/38.8","4.6/5.0",19.2,"46.0","4.2",1324,"21.5","3.1/0.1",129,7,"81.6/35.3","18.0/8.7","7.05",-99
"145","Haiti",145,3.6029999256134,3.73471479773521,3.47128505349159,0.368610262870789,0.640449821949005,0.277321130037308,0.0303698573261499,0.489203780889511,0.0998721495270729,1.69716763496399,"Caribbean","27750",10981,398.4,97.8,8501,"1.7",793.7,"16.7",38.2,45.1,"46.9","12.6","40.6","12.9","62.0/71.7",163,166,"984","3316","-2332","-723","1.4",58.6,"3.8","3.1","64.4/60.2","33.0/7.3","39.5/0.4","1.9","46.9",7.6,"-99","-99","-99","-99","-99",2.6,"69.9","12.2",205,"3.5","2.9/0.3",136,16,"64.9/47.6","33.6/19.2","11.73",-99
"146","Yemen",146,3.59299993515015,3.69275031983852,3.49324955046177,0.591683447360992,0.93538224697113,0.310080915689468,0.249463722109795,0.104125209152699,0.0567674227058887,1.34560060501099,"WesternAsia","527968",28250,53.5,102.1,29688,"-28.1",1106.4,"14.7",36.9,48.4,"32.9","17.9","49.2","16.1","26.2/73.7",136,137,"570","6861","-6291","-3026","2.6",34.6,"4.0","4.4","65.6/62.8","39.9/4.6","344.1/1.3","3371.4","47.2",5.6,"0.3","...","88.9/105.7","39.5/57.4","6.1/13.7",0,"68.0","25.1",298,"1.0","22.7/0.9",668,12,"72.0/46.5","92.5/34.1","2.99",-99
"147","South Sudan",147,3.59100008010864,3.72553858578205,3.45646157443523,0.39724862575531,0.601323127746582,0.163486003875732,0.147062435746193,0.285670816898346,0.116793513298035,1.87956738471985,"EasternAfrica","658841",12576,20.6,100.4,13167,"2.0",1067,"4.6",58,37.4,"-99","-99","-99","...",".../...",-99,-99,"2389","750","1640","-935","3.3",18.8,"5.1","5.2","56.0/54.1","41.7/5.1","824.1/6.7","2231.2","77.7",2.7,"-99","1.8","53.1/74.9","6.6/12.3","-99",28.5,"23.9","17.9",49,"-99","1.5/0.1",337,2,"66.7/56.9","16.4/4.5","21.07",-99
"148","Liberia",148,3.53299999237061,3.65375626087189,3.41224372386932,0.119041793048382,0.872117936611176,0.229918196797371,0.332881182432175,0.26654988527298,0.0389482490718365,1.67328596115112,"WesternAfrica","111369",4732,49.1,101.8,2053,"0.3",455.9,"70.8",11.4,17.9,"45.3","11.7","43.0","4.1","57.9/64.1",104,121,"641","727","-86","-860","2.6",49.7,"3.4","4.8","61.6/59.8","41.8/4.9","113.8/2.5","22.1","59.0",10,"...","2.8","89.1/98.5","32.5/41.9","9.0/14.2",12.3,"81.1","5.9",172,"43.7","0.9/0.2",73,19,"88.6/62.6","28.0/5.9","61.73",-99
"149","Guinea",149,3.50699996948242,3.58442812889814,3.4295718100667,0.244549930095673,0.791244685649872,0.194129139184952,0.348587512969971,0.264815092086792,0.110937617719173,1.55231189727783,"WesternAfrica","245857",12717,51.8,100.6,8875,"0.1",703.9,"19.8",32.8,47.4,"69.7","7.4","22.9","6.8","79.4/85.1",130,131,"1753","2082","-329","-1240","2.3",37.2,"3.8","5.1","58.4/57.4","42.3/5.2","228.4/1.8","9.2","65.7",5.6,"...","3.2","83.8/98.6","30.7/46.8","6.7/14.9",21.9,"87.2","4.7",185,"26.0","2.4/0.2",113,12,"92.7/67.4","34.1/11.8","8.65",-99
"150","Togo",150,3.49499988555908,3.59403811171651,3.39596165940166,0.305444717407227,0.431882530450821,0.247105568647385,0.38042613863945,0.196896150708199,0.0956650152802467,1.83722925186157,"WesternAfrica","56785",7798,143.4,99.4,4086,"5.5",559.4,"45.7",19.7,34.6,"62.5","8.7","28.7","6.8","81.0/80.7",140,143,"715","1716","-1001","-461","2.6",40,"3.8","4.7","59.8/58.3","41.6/4.6","276.8/3.8","13.8","55.7",5.2,"...","5.2","118.5/125.1",".../...","6.4/14.9",17.6,"65.0","7.1",80,"3.8","2.6/0.4",111,20,"91.4/44.2","24.7/2.9","5.51",-99
"151","Rwanda",151,3.47099995613098,3.54303023353219,3.39896967872977,0.368745893239975,0.945707023143768,0.326424807310104,0.581843852996826,0.252756029367447,0.455220013856888,0.540061235427856,"EasternAfrica","26338",12208,494.9,96.2,8096,"6.9",697.3,"34.6",15.1,50.3,"75.0","7.2","17.8","2.4","86.1/83.3",139,139,"622","1778","-1157","-1099","2.5",28.8,"6.4","4.2","67.1/63.1","40.1/4.9","441.5/3.8","155.1","44.0",7.5,"...","3.6","133.4/131.7","38.2/35.2","6.9/9.1",61.3,"70.5","18.0",62,"19.2","0.8/0.1",84,8,"86.6/71.9","58.5/62.9","13.67",-99
"152","Syria",152,3.46199989318848,3.66366855680943,3.26033122956753,0.777153134346008,0.396102607250214,0.50053334236145,0.0815394446253777,0.493663728237152,0.151347130537033,1.06157350540161,NA,NA,NA,NA,NA,NA,NA,NA,NA,NA,NA,NA,NA,NA,NA,NA,NA,NA,NA,NA,NA,NA,NA,NA,NA,NA,NA,NA,NA,NA,NA,NA,NA,NA,NA,NA,NA,NA,NA,NA,NA,NA,NA,NA,NA,NA,NA,NA,NA
"153","Tanzania",153,3.34899997711182,3.46142975538969,3.23657019883394,0.511135876178741,1.04198980331421,0.364509284496307,0.390017777681351,0.354256361722946,0.0660351067781448,0.621130466461182,NA,NA,NA,NA,NA,NA,NA,NA,NA,NA,NA,NA,NA,NA,NA,NA,NA,NA,NA,NA,NA,NA,NA,NA,NA,NA,NA,NA,NA,NA,NA,NA,NA,NA,NA,NA,NA,NA,NA,NA,NA,NA,NA,NA,NA,NA,NA,NA,NA
"154","Burundi",154,2.90499997138977,3.07469033300877,2.73530960977077,0.091622568666935,0.629793584346771,0.151610791683197,0.0599007532000542,0.204435184597969,0.0841479450464249,1.68302416801453,"EasternAfrica","27830",10864,423.1,96.9,2735,"-4.1",244.6,"36.3",13.9,49.8,"91.1","2.6","6.3","1.7","84.6/82.7",109,122,"123","625","-502","-375","3.0",12.1,"5.7","6.0","58.0/54.2","45.0/4.4","286.8/2.6","103.2","77.8",7.5,"...","5.4","124.5/123.1","40.5/44.5","2.4/7.7",36.4,"46.2","4.9",61,"10.6","0.4/~0.0",56,6,"91.1/73.8","43.8/48.6","11.91",-99
"155","Central African Republic",155,2.69300007820129,2.86488426923752,2.52111588716507,0,0,0.0187726859003305,0.270842045545578,0.280876487493515,0.0565650761127472,2.06600475311279,"MiddleAfrica","622984",4659,7.5,97.3,1633,"4.8",333.2,"34.9",24.8,40.4,"72.2","4.3","23.4","6.9","71.9/84.6",114,113,"213","147","66","-99","0.4",40,"2.6","5.1","51.0/47.8","43.2/5.5","81.6/1.7","470.5","93.5",4.2,"...","1.2","79.8/107.3","11.8/23.0","1.5/4.1",8.6,"20.4","4.6",60,"35.6","0.3/0.1",19,5,"89.6/54.4","43.6/7.2","32.25",-99
